84106,60629,CHICAGO,IL,41.83,-87.68
69391,60618,CHICAGO,IL,41.83,-87.68
65832,60639,CHICAGO,IL,41.83,-87.68
63860,60632,CHICAGO,IL,41.83,-87.68
63211,60634,CHICAGO,IL,41.83,-87.68
62570,60647,CHICAGO,IL,41.83,-87.68
61529,60617,CHICAGO,IL,41.83,-87.68
59521,60804,CICERO,IL,41.84,-87.75
57725,60623,CHICAGO,IL,41.83,-87.68
56729,60625,CHICAGO,IL,41.83,-87.68
56207,60641,CHICAGO,IL,41.83,-87.68
54534,60620,CHICAGO,IL,41.83,-87.68
53827,60628,CHICAGO,IL,41.83,-87.68
52409,60085,WAUKEGAN,IL,42.37,-87.86
51984,60016,DES PLAINES,IL,42.03,-87.90
51214,60657,CHICAGO,IL,41.83,-87.68
49568,60056,MOUNT PROSPECT,IL,42.06,-87.93
49199,60402,BERWYN,IL,41.84,-87.79
48769,60073,ROUND LAKE,IL,42.34,-88.11
48410,60619,CHICAGO,IL,41.83,-87.68
48270,60608,CHICAGO,IL,41.83,-87.68
48181,60453,OAK LAWN,IL,41.71,-87.75
47832,60651,CHICAGO,IL,41.83,-87.68
47140,60614,CHICAGO,IL,41.83,-87.68
46798,60004,ARLINGTON HEIGHTS,IL,42.09,-87.98
46688,60640,CHICAGO,IL,41.83,-87.68
46470,60638,CHICAGO,IL,41.83,-87.68
45476,60148,LOMBARD,IL,41.87,-88.01
44993,60630,CHICAGO,IL,41.83,-87.68
44855,60505,AURORA,IL,41.76,-88.29
44514,60440,BOLINGBROOK,IL,41.70,-88.07
43513,60411,CHICAGO HEIGHTS,IL,41.50,-87.63
43312,60014,CRYSTAL LAKE,IL,42.23,-88.33
42176,60622,CHICAGO,IL,41.83,-87.68
41967,60120,ELGIN,IL,42.03,-88.28
41819,60609,CHICAGO,IL,41.83,-87.68
41447,60506,AURORA,IL,41.76,-88.29
40603,60010,BARRINGTON,IL,42.15,-88.12
40433,60643,CHICAGO,IL,41.83,-87.68
40006,60123,ELGIN,IL,42.03,-88.28
39643,60126,ELMHURST,IL,41.89,-87.94
39466,60089,BUFFALO GROVE,IL,42.16,-87.96
39376,60435,JOLIET,IL,41.52,-88.12
38912,61265,MOLINE,IL,41.48,-90.48
38856,60047,LAKE ZURICH,IL,42.19,-88.08
38160,60188,CAROL STREAM,IL,41.91,-88.13
37918,60103,BARTLETT,IL,41.97,-88.20
37904,60565,NAPERVILLE,IL,41.76,-88.15
37518,60540,NAPERVILLE,IL,41.76,-88.15
37511,60062,NORTHBROOK,IL,42.12,-87.83
36974,60613,CHICAGO,IL,41.83,-87.68
36924,60586,PLAINFIELD,IL,41.61,-88.20
36284,60477,TINLEY PARK,IL,41.57,-87.80
36182,60025,GLENVIEW,IL,42.07,-87.81
36061,60462,ORLAND PARK,IL,41.61,-87.85
36033,60067,PALATINE,IL,42.11,-88.04
36024,60564,NAPERVILLE,IL,41.76,-88.15
35840,61704,BLOOMINGTON,IL,40.47,-88.97
35688,62040,GRANITE CITY,IL,38.71,-90.12
35550,61554,PEKIN,IL,40.56,-89.62
35424,60193,SCHAUMBURG,IL,42.03,-88.08
35121,60707,ELMWOOD PARK,IL,41.92,-87.81
34922,60107,STREAMWOOD,IL,42.02,-88.17
34744,60616,CHICAGO,IL,41.83,-87.68
34236,60644,CHICAGO,IL,41.83,-87.68
34071,60068,PARK RIDGE,IL,42.01,-87.84
34042,60031,GURNEE,IL,42.37,-87.93
33884,60137,GLEN ELLYN,IL,41.86,-88.06
33869,62704,SPRINGFIELD,IL,39.78,-89.64
33721,60652,CHICAGO,IL,41.83,-87.68
33708,60517,WOODRIDGE,IL,41.73,-88.04
33583,60645,CHICAGO,IL,41.83,-87.68
33334,60060,MUNDELEIN,IL,42.26,-88.00
33175,60074,PALATINE,IL,42.11,-88.04
33167,60187,WHEATON,IL,41.85,-88.10
32865,60101,ADDISON,IL,41.93,-88.00
32722,60090,WHEELING,IL,42.13,-87.92
32581,60626,CHICAGO,IL,41.83,-87.68
32359,60030,GRAYSLAKE,IL,42.34,-88.03
32247,60649,CHICAGO,IL,41.83,-87.68
32210,61761,NORMAL,IL,40.51,-88.99
32187,60133,HANOVER PARK,IL,41.97,-88.14
31802,60007,ELK GROVE VILLAGE,IL,42.00,-87.99
31738,60446,ROMEOVILLE,IL,41.64,-88.08
31564,60610,CHICAGO,IL,41.83,-87.68
31502,60110,CARPENTERSVILLE,IL,42.12,-88.27
31035,60504,AURORA,IL,41.76,-88.29
30796,60660,CHICAGO,IL,41.83,-87.68
30696,60046,LAKE VILLA,IL,42.41,-88.08
30689,60637,CHICAGO,IL,41.83,-87.68
30518,60543,OSWEGO,IL,41.69,-88.33
30498,60451,NEW LENOX,IL,41.51,-87.98
30415,60563,NAPERVILLE,IL,41.76,-88.15
30156,62521,DECATUR,IL,39.85,-88.93
29774,60185,WEST CHICAGO,IL,41.88,-88.22
29619,60076,SKOKIE,IL,42.03,-87.73
29482,61008,BELVIDERE,IL,42.25,-88.84
29421,60441,LOCKPORT,IL,41.58,-88.04
29103,60050,MCHENRY,IL,42.34,-88.29
28916,61201,ROCK ISLAND,IL,41.47,-90.58
28882,60409,CALUMET CITY,IL,41.61,-87.54
28847,62702,SPRINGFIELD,IL,39.78,-89.64
28783,60102,ALGONQUIN,IL,42.16,-88.30
28744,60201,EVANSTON,IL,42.04,-87.68
28682,60636,CHICAGO,IL,41.83,-87.68
28618,60139,GLENDALE HEIGHTS,IL,41.92,-88.07
28547,60659,CHICAGO,IL,41.83,-87.68
28252,60035,HIGHLAND PARK,IL,42.18,-87.80
28157,62234,COLLINSVILLE,IL,38.67,-89.99
28079,60174,SAINT CHARLES,IL,41.92,-88.30
27849,60901,KANKAKEE,IL,41.11,-87.86
27708,61701,BLOOMINGTON,IL,40.47,-88.97
27641,60098,WOODSTOCK,IL,42.31,-88.43
27614,60423,FRANKFORT,IL,41.49,-87.83
27413,60525,LA GRANGE,IL,41.80,-87.87
27358,62269,O FALLON,IL,38.59,-89.91
27301,60115,DEKALB,IL,41.89,-88.75
27194,60169,HOFFMAN ESTATES,IL,42.04,-88.12
27186,60302,OAK PARK,IL,41.88,-87.78
27042,60048,LIBERTYVILLE,IL,42.28,-87.96
27024,60615,CHICAGO,IL,41.83,-87.68
26828,60516,DOWNERS GROVE,IL,41.79,-88.01
26283,61832,DANVILLE,IL,40.14,-87.61
26229,62025,EDWARDSVILLE,IL,38.80,-89.96
26016,62526,DECATUR,IL,39.85,-88.93
26005,62301,QUINCY,IL,39.93,-91.38
25807,61107,ROCKFORD,IL,42.27,-89.06
25773,60005,ARLINGTON HEIGHTS,IL,42.09,-87.98
25691,60202,EVANSTON,IL,42.04,-87.68
25687,60510,BATAVIA,IL,41.85,-88.30
25680,62002,ALTON,IL,38.90,-90.15
25644,60134,GENEVA,IL,41.88,-88.31
25584,60714,NILES,IL,42.02,-87.80
25492,60624,CHICAGO,IL,41.83,-87.68
25438,60181,VILLA PARK,IL,41.88,-87.97
25383,60015,DEERFIELD,IL,42.16,-87.84
25301,60631,CHICAGO,IL,41.83,-87.68
25293,60018,DES PLAINES,IL,42.03,-87.90
25273,61032,FREEPORT,IL,42.29,-89.63
25015,60091,WILMETTE,IL,42.07,-87.72
24758,60099,ZION,IL,42.45,-87.84
24751,60156,LAKE IN THE HILLS,IL,42.18,-88.34
24692,61401,GALESBURG,IL,40.95,-90.37
24636,60527,WILLOWBROOK,IL,41.80,-87.92
24584,61821,CHAMPAIGN,IL,40.11,-88.26
24471,61604,PEORIA,IL,40.74,-89.60
24440,60438,LANSING,IL,41.56,-87.54
24404,62226,BELLEVILLE,IL,38.53,-90.00
24390,60452,OAK FOREST,IL,41.60,-87.75
24364,60655,CHICAGO,IL,41.83,-87.68
24334,60013,CARY,IL,42.20,-88.24
24235,61614,PEORIA,IL,40.74,-89.60
24143,60515,DOWNERS GROVE,IL,41.79,-88.01
24122,61108,ROCKFORD,IL,42.27,-89.06
23940,60544,PLAINFIELD,IL,41.61,-88.20
23868,60459,BURBANK,IL,41.74,-87.76
23812,60656,CHICAGO,IL,41.83,-87.68
23725,60532,LISLE,IL,41.79,-88.08
23676,60467,ORLAND PARK,IL,41.61,-87.85
23581,60061,VERNON HILLS,IL,42.23,-87.96
23311,60646,CHICAGO,IL,41.83,-87.68
23242,60142,HUNTLEY,IL,42.16,-88.42
22845,62221,BELLEVILLE,IL,38.53,-90.00
22691,60087,WAUKEGAN,IL,42.37,-87.86
22624,60612,CHICAGO,IL,41.83,-87.68
22622,60621,CHICAGO,IL,41.83,-87.68
22612,60611,CHICAGO,IL,41.83,-87.68
22588,60914,BOURBONNAIS,IL,41.16,-87.88
22512,61109,ROCKFORD,IL,42.27,-89.06
22378,60172,ROSELLE,IL,41.98,-88.08
22199,60561,DARIEN,IL,41.74,-87.97
22093,60077,SKOKIE,IL,42.03,-87.73
22014,60466,PARK FOREST,IL,41.48,-87.68
22010,61611,EAST PEORIA,IL,40.67,-89.54
21960,60487,TINLEY PARK,IL,41.57,-87.84
21951,60175,SAINT CHARLES,IL,41.92,-88.30
21932,60538,MONTGOMERY,IL,41.72,-88.34
21928,62703,SPRINGFIELD,IL,39.78,-89.64
21818,60445,MIDLOTHIAN,IL,41.62,-87.72
21713,60448,MOKENA,IL,41.53,-87.87
21271,60002,ANTIOCH,IL,42.47,-88.07
21238,60051,MCHENRY,IL,42.34,-88.29
21139,60053,MORTON GROVE,IL,42.04,-87.78
21050,62959,MARION,IL,37.73,-88.94
21047,61350,OTTAWA,IL,41.35,-88.83
20758,60559,WESTMONT,IL,41.79,-87.97
20715,61571,WASHINGTON,IL,40.69,-89.43
20563,60426,HARVEY,IL,41.60,-87.65
20460,60439,LEMONT,IL,41.67,-87.99
20436,60491,HOMER GLEN,IL,41.60,-88.01
20385,60008,ROLLING MEADOWS,IL,42.07,-88.02
19903,60108,BLOOMINGDALE,IL,41.94,-88.08
19836,61615,PEORIA,IL,40.74,-89.60
19711,60706,HARWOOD HEIGHTS,IL,41.96,-87.80
19706,61111,LOVES PARK,IL,42.33,-89.01
19699,62864,MOUNT VERNON,IL,38.31,-88.91
19647,61115,MACHESNEY PARK,IL,42.36,-89.03
19645,62650,JACKSONVILLE,IL,39.72,-90.23
19607,60431,JOLIET,IL,41.52,-88.12
19311,60560,YORKVILLE,IL,41.64,-88.44
19270,60045,LAKE FOREST,IL,42.23,-87.85
19124,60177,SOUTH ELGIN,IL,41.99,-88.29
19107,60406,BLUE ISLAND,IL,41.65,-87.68
19064,61244,EAST MOLINE,IL,41.51,-90.42
19042,60827,RIVERDALE,IL,41.64,-87.63
18765,60653,CHICAGO,IL,41.83,-87.68
18735,60178,SYCAMORE,IL,41.98,-88.69
18732,61081,STERLING,IL,41.79,-89.69
18724,60194,SCHAUMBURG,IL,42.03,-88.08
18716,60153,MAYWOOD,IL,41.88,-87.84
18685,60419,DOLTON,IL,41.62,-87.59
18561,60473,SOUTH HOLLAND,IL,41.59,-87.60
18523,60160,MELROSE PARK,IL,41.90,-87.86
18516,61021,DIXON,IL,41.84,-89.47
18507,61103,ROCKFORD,IL,42.27,-89.06
18451,60803,ALSIP,IL,41.67,-87.73
18384,60093,WINNETKA,IL,42.10,-87.74
18328,60164,MELROSE PARK,IL,41.90,-87.86
18207,60450,MORRIS,IL,41.36,-88.42
18189,61822,CHAMPAIGN,IL,40.11,-88.26
18117,61073,ROSCOE,IL,42.41,-89.00
17984,61938,MATTOON,IL,39.47,-88.36
17898,60189,WHEATON,IL,41.85,-88.10
17619,60502,AURORA,IL,41.77,-88.25
17515,60430,HOMEWOOD,IL,41.55,-87.66
17396,60585,PLAINFIELD,IL,41.66,-88.21
17227,60106,BENSENVILLE,IL,41.95,-87.94
17191,60805,EVERGREEN PARK,IL,41.72,-87.70
16892,60443,MATTESON,IL,41.51,-87.73
16755,60490,BOLINGBROOK,IL,41.70,-88.07
16717,62401,EFFINGHAM,IL,39.11,-88.55
16599,60521,HINSDALE,IL,41.80,-87.92
16573,60513,BROOKFIELD,IL,41.82,-87.84
16497,61364,STREATOR,IL,41.12,-88.83
16476,60432,JOLIET,IL,41.52,-88.12
16445,62305,QUINCY,IL,39.93,-91.38
16349,62801,CENTRALIA,IL,38.52,-89.12
16230,60104,BELLWOOD,IL,41.88,-87.87
16155,62220,BELLEVILLE,IL,38.53,-90.00
15745,60124,ELGIN,IL,42.03,-88.28
15680,61550,MORTON,IL,40.61,-89.46
15670,60607,CHICAGO,IL,41.83,-87.68
15650,61101,ROCKFORD,IL,42.27,-89.06
15611,60131,FRANKLIN PARK,IL,41.93,-87.87
15546,62223,BELLEVILLE,IL,38.53,-90.00
15279,60605,CHICAGO,IL,41.83,-87.68
15256,60465,PALOS HILLS,IL,41.69,-87.82
15100,60154,WESTCHESTER,IL,41.85,-87.88
15025,62298,WATERLOO,IL,38.33,-90.15
14806,60304,OAK PARK,IL,41.88,-87.78
14743,61802,URBANA,IL,40.10,-88.20
14726,60404,SHOREWOOD,IL,41.51,-88.21
14627,60084,WAUCONDA,IL,42.26,-88.13
14541,60542,NORTH AURORA,IL,41.80,-88.33
14473,61801,URBANA,IL,40.10,-88.20
14457,62208,FAIRVIEW HEIGHTS,IL,38.59,-90.00
14442,61102,ROCKFORD,IL,42.27,-89.06
14431,60118,DUNDEE,IL,42.10,-88.29
14122,61114,ROCKFORD,IL,42.27,-89.06
14101,62035,GODFREY,IL,38.96,-90.18
13962,60192,HOFFMAN ESTATES,IL,42.03,-88.08
13961,62249,HIGHLAND,IL,38.73,-89.69
13949,60403,CREST HILL,IL,41.55,-88.12
13944,62711,SPRINGFIELD,IL,39.76,-89.72
13933,61920,CHARLESTON,IL,39.48,-88.17
13923,60070,PROSPECT HEIGHTS,IL,42.10,-87.92
13886,60546,RIVERSIDE,IL,41.83,-87.81
13843,60436,JOLIET,IL,41.52,-88.12
13832,61820,CHAMPAIGN,IL,40.11,-88.26
13717,62656,LINCOLN,IL,40.15,-89.36
13492,60478,COUNTRY CLUB HILLS,IL,41.56,-87.72
13457,60417,CRETE,IL,41.45,-87.61
13131,60463,PALOS HEIGHTS,IL,41.66,-87.79
13074,60433,JOLIET,IL,41.52,-88.12
13054,60455,BRIDGEVIEW,IL,41.73,-87.80
13025,62901,CARBONDALE,IL,37.72,-89.21
12994,61104,ROCKFORD,IL,42.27,-89.06
12973,60191,WOOD DALE,IL,41.96,-87.98
12952,61520,CANTON,IL,40.56,-90.04
12724,61603,PEORIA,IL,40.74,-89.60
12674,62568,TAYLORVILLE,IL,39.52,-89.26
12502,60503,AURORA,IL,41.71,-88.26
12382,62294,TROY,IL,38.73,-89.89
12360,61068,ROCHELLE,IL,41.91,-89.06
12354,60429,HAZEL CREST,IL,41.57,-87.68
12327,60555,WARRENVILLE,IL,41.82,-88.18
12187,60140,HAMPSHIRE,IL,42.09,-88.52
12149,61455,MACOMB,IL,40.47,-90.68
12115,62966,MURPHYSBORO,IL,37.76,-89.33
12087,61071,ROCK FALLS,IL,41.77,-89.69
11934,60033,HARVARD,IL,42.42,-88.61
11915,60447,MINOOKA,IL,41.44,-88.25
11800,60558,WESTERN SPRINGS,IL,41.80,-87.90
11777,60130,FOREST PARK,IL,41.86,-87.81
11761,62206,EAST SAINT LOUIS,IL,38.61,-90.13
11624,62034,GLEN CARBON,IL,38.76,-89.97
11600,60457,HICKORY HILLS,IL,41.72,-87.82
11588,61866,RANTOUL,IL,40.30,-88.15
11461,62629,CHATHAM,IL,39.67,-89.69
11440,62236,COLUMBIA,IL,38.45,-90.22
11295,60458,JUSTICE,IL,41.74,-87.83
11293,61853,MAHOMET,IL,40.19,-88.40
11286,60410,CHANNAHON,IL,41.43,-88.21
11281,60526,LA GRANGE PARK,IL,41.83,-87.87
11243,60026,GLENVIEW,IL,42.08,-87.82
11233,62522,DECATUR,IL,39.85,-88.93
11146,60152,MARENGO,IL,42.24,-88.60
11143,60064,NORTH CHICAGO,IL,42.31,-87.85
11126,61605,PEORIA,IL,40.74,-89.60
11030,61443,KEWANEE,IL,41.24,-89.92
10992,60173,SCHAUMBURG,IL,42.03,-88.08
10969,60712,LINCOLNWOOD,IL,42.00,-87.73
10940,60415,CHICAGO RIDGE,IL,41.70,-87.77
10825,60545,PLANO,IL,41.66,-88.53
10677,61764,PONTIAC,IL,40.87,-88.64
10670,61548,METAMORA,IL,40.79,-89.36
10647,60554,SUGAR GROVE,IL,41.76,-88.45
10570,61254,GENESEO,IL,41.44,-90.15
10568,62052,JERSEYVILLE,IL,39.11,-90.32
10511,61944,PARIS,IL,39.61,-87.69
10443,60471,RICHTON PARK,IL,41.48,-87.72
10385,60548,SANDWICH,IL,41.64,-88.62
10277,60481,WILMINGTON,IL,41.29,-88.15
10180,60012,CRYSTAL LAKE,IL,42.23,-88.33
10080,60190,WINFIELD,IL,41.87,-88.15
10063,60176,SCHILLER PARK,IL,41.95,-87.87
10059,61072,ROCKTON,IL,42.44,-89.06
10055,62946,HARRISBURG,IL,37.73,-88.54
10050,62450,OLNEY,IL,38.73,-88.08
9947,61607,PEORIA,IL,40.74,-89.60
9882,60950,MANTENO,IL,41.25,-87.83
9770,61356,PRINCETON,IL,41.37,-89.46
9755,62948,HERRIN,IL,37.80,-89.03
9736,61523,CHILLICOTHE,IL,40.91,-89.49
9675,62010,BETHALTO,IL,38.90,-90.04
9672,60305,RIVER FOREST,IL,41.89,-87.81
9637,60642,CHICAGO,IL,41.90,-87.65
9625,62896,WEST FRANKFORT,IL,37.90,-88.92
9614,60097,WONDER LAKE,IL,42.38,-88.36
9538,60633,CHICAGO,IL,41.83,-87.68
9452,60143,ITASCA,IL,41.97,-88.01
9415,62960,METROPOLIS,IL,37.15,-88.71
9410,61354,PERU,IL,41.34,-89.12
9380,62881,SALEM,IL,38.62,-88.95
9306,60523,OAK BROOK,IL,41.83,-87.95
9256,61264,MILAN,IL,41.44,-90.56
9195,60464,PALOS PARK,IL,41.66,-87.84
9167,60482,WORTH,IL,41.68,-87.79
9126,62095,WOOD RIVER,IL,38.86,-90.08
9115,61462,MONMOUTH,IL,40.91,-90.64
9106,61065,POPLAR GROVE,IL,42.36,-88.82
8977,60119,ELBURN,IL,41.89,-88.47
8964,62712,SPRINGFIELD,IL,39.76,-89.57
8949,60428,MARKHAM,IL,41.60,-87.69
8933,60915,BRADLEY,IL,41.14,-87.85
8879,60044,LAKE BLUFF,IL,42.28,-87.85
8878,61080,SOUTH BELOIT,IL,42.48,-89.03
8830,62454,ROBINSON,IL,39.00,-87.74
8813,60081,SPRING GROVE,IL,42.44,-88.24
8744,62812,BENTON,IL,38.00,-88.91
8701,60171,RIVER GROVE,IL,41.92,-87.83
8664,60422,FLOSSMOOR,IL,41.53,-87.68
8629,60514,CLARENDON HILLS,IL,41.79,-87.95
8622,60442,MANHATTAN,IL,41.42,-87.98
8586,60501,SUMMIT ARGO,IL,41.77,-87.82
8545,61301,LA SALLE,IL,41.34,-89.09
8539,60654,CHICAGO,IL,41.83,-87.68
8443,62863,MOUNT CARMEL,IL,38.41,-87.77
8341,60534,LYONS,IL,41.81,-87.81
8340,61727,CLINTON,IL,40.15,-88.96
8326,60041,INGLESIDE,IL,42.35,-88.15
8248,60083,WADSWORTH,IL,42.43,-87.92
8237,60475,STEGER,IL,41.46,-87.63
8082,60416,COAL CITY,IL,41.28,-88.27
8060,61525,DUNLAP,IL,40.86,-89.67
8024,60020,FOX LAKE,IL,42.41,-88.18
7975,60022,GLENCOE,IL,42.13,-87.76
7924,62258,MASCOUTAH,IL,38.50,-89.80
7855,62024,EAST ALTON,IL,38.88,-90.10
7785,60601,CHICAGO,IL,41.83,-87.68
7751,62918,CARTERVILLE,IL,37.76,-89.08
7750,60449,MONEE,IL,41.42,-87.75
7691,61342,MENDOTA,IL,41.55,-89.12
7647,60069,LINCOLNSHIRE,IL,42.19,-87.91
7550,62707,SPRINGFIELD,IL,39.78,-89.64
7500,60042,ISLAND LAKE,IL,42.27,-88.20
7469,62837,FAIRFIELD,IL,38.38,-88.36
7432,62832,DU QUOIN,IL,38.00,-89.23
7390,62056,LITCHFIELD,IL,39.17,-89.65
7370,60425,GLENWOOD,IL,41.54,-87.61
7261,62471,VANDALIA,IL,38.98,-89.10
7177,61010,BYRON,IL,42.12,-89.25
7117,61341,MARSEILLES,IL,41.32,-88.68
7033,61705,BLOOMINGTON,IL,40.47,-88.95
6869,60155,BROADVIEW,IL,41.85,-87.85
6850,61856,MONTICELLO,IL,40.02,-88.57
6846,62246,GREENVILLE,IL,38.88,-89.40
6793,60162,HILLSIDE,IL,41.87,-87.89
6792,60401,BEECHER,IL,41.34,-87.61
6789,61282,SILVIS,IL,41.50,-90.41
6741,62626,CARLINVILLE,IL,39.28,-89.88
6650,62062,MARYVILLE,IL,38.72,-89.96
6646,61951,SULLIVAN,IL,39.59,-88.60
6614,62260,MILLSTADT,IL,38.45,-90.09
6595,61270,MORRISON,IL,41.80,-89.96
6411,62565,SHELBYVILLE,IL,39.40,-88.80
6345,60096,WINTHROP HARBOR,IL,42.47,-87.82
6282,61241,COLONA,IL,41.47,-90.34
6269,62618,BEARDSTOWN,IL,40.00,-90.41
6234,62231,CARLYLE,IL,38.61,-89.37
6224,61061,OREGON,IL,42.01,-89.33
6204,62441,MARSHALL,IL,39.39,-87.69
6202,62439,LAWRENCEVILLE,IL,38.72,-87.68
6190,62821,CARMI,IL,38.08,-88.17
6190,60135,GENOA,IL,42.09,-88.68
6186,61834,DANVILLE,IL,40.14,-87.61
6068,62012,BRIGHTON,IL,39.04,-90.13
6066,61036,GALENA,IL,42.42,-90.42
6052,62205,EAST SAINT LOUIS,IL,38.61,-90.13
6013,62278,RED BUD,IL,38.21,-89.99
5912,62557,PANA,IL,39.38,-89.07
5839,60136,GILBERTS,IL,42.10,-88.36
5810,60970,WATSEKA,IL,40.77,-87.73
5808,62088,STAUNTON,IL,39.01,-89.78
5760,62906,ANNA,IL,37.46,-89.24
5726,60661,CHICAGO,IL,41.83,-87.68
5641,62232,CASEYVILLE,IL,38.63,-90.03
5599,62203,EAST SAINT LOUIS,IL,38.61,-90.13
5599,61088,WINNEBAGO,IL,42.26,-89.24
5582,61873,SAINT JOSEPH,IL,40.14,-88.06
5579,62230,BREESE,IL,38.61,-89.52
5554,61240,COAL VALLEY,IL,41.44,-90.44
5549,60195,SCHAUMBURG,IL,42.03,-88.08
5541,61953,TUSCOLA,IL,39.79,-88.28
5540,62049,HILLSBORO,IL,39.16,-89.48
5510,62207,EAST SAINT LOUIS,IL,38.61,-90.13
5477,62549,MT ZION,IL,39.77,-88.87
5440,62563,ROCHESTER,IL,39.75,-89.54
5430,60954,MOMENCE,IL,41.16,-87.66
5391,62675,PETERSBURG,IL,40.01,-89.85
5354,61530,EUREKA,IL,40.71,-89.27
5343,60468,PEOTONE,IL,41.33,-87.79
5264,62839,FLORA,IL,38.67,-88.47
5263,62274,PINCKNEYVILLE,IL,38.07,-89.38
5263,62243,FREEBURG,IL,38.42,-89.90
5205,62233,CHESTER,IL,37.91,-89.82
5188,60408,BRAIDWOOD,IL,41.26,-88.22
5185,61362,SPRING VALLEY,IL,41.32,-89.19
5182,62448,NEWTON,IL,38.98,-88.16
5179,61874,SAVOY,IL,40.06,-88.25
5162,60021,FOX RIVER GROVE,IL,42.19,-88.21
5152,61616,PEORIA HEIGHTS,IL,40.74,-89.57
4991,60964,SAINT ANNE,IL,41.02,-87.71
4928,62286,SPARTA,IL,38.15,-89.71
4918,61252,FULTON,IL,41.86,-90.15
4877,62363,PITTSFIELD,IL,39.61,-90.80
4870,62615,AUBURN,IL,39.57,-89.74
4851,60480,WILLOW SPRINGS,IL,41.73,-87.88
4846,60942,HOOPESTON,IL,40.46,-87.67
4818,62263,NASHVILLE,IL,38.34,-89.37
4817,62204,EAST SAINT LOUIS,IL,38.61,-90.13
4752,60957,PAXTON,IL,40.45,-88.09
4728,61610,CREVE COEUR,IL,40.64,-89.59
4719,61016,CHERRY VALLEY,IL,42.24,-88.96
4698,62561,RIVERTON,IL,39.84,-89.54
4604,61231,ALEDO,IL,41.19,-90.74
4593,62930,ELDORADO,IL,37.81,-88.44
4520,60469,POSEN,IL,41.62,-87.68
4514,62684,SHERMAN,IL,39.88,-89.60
4479,62681,RUSHVILLE,IL,40.11,-90.56
4474,60163,BERKELEY,IL,41.88,-87.91
4411,62254,LEBANON,IL,38.60,-89.81
4368,61739,FAIRBURY,IL,40.74,-88.51
4354,62951,JOHNSTON CITY,IL,37.82,-88.92
4344,62859,MC LEANSBORO,IL,38.09,-88.53
4282,62644,HAVANA,IL,40.29,-90.05
4271,60420,DWIGHT,IL,41.09,-88.42
4267,61025,EAST DUBUQUE,IL,42.49,-90.63
4259,60040,HIGHWOOD,IL,42.19,-87.80
4156,60461,OLYMPIA FIELDS,IL,41.51,-87.69
4136,62293,TRENTON,IL,38.60,-89.68
4100,61348,OGLESBY,IL,41.29,-89.06
4091,62225,SCOTT AIR FORCE BASE,IL,38.54,-89.85
4041,62201,EAST SAINT LOUIS,IL,38.61,-90.13
4031,62420,CASEY,IL,39.30,-87.98
4031,61755,MACKINAW,IL,40.53,-89.35
4030,62902,CARBONDALE,IL,37.72,-89.21
4029,62239,DUPO,IL,38.51,-90.20
4017,60552,SOMONAUK,IL,41.63,-88.68
4006,61846,GEORGETOWN,IL,39.97,-87.63
4000,61568,TREMONT,IL,40.52,-89.49
3984,62285,SMITHTON,IL,38.40,-89.99
3967,62033,GILLESPIE,IL,39.12,-89.81
3904,61275,PORT BYRON,IL,41.62,-90.32
3859,60203,EVANSTON,IL,42.04,-87.68
3840,61074,SAVANNA,IL,42.09,-90.13
3840,61048,LENA,IL,42.38,-89.82
3825,62411,ALTAMONT,IL,39.05,-88.74
3820,61745,HEYWORTH,IL,40.31,-88.97
3813,61752,LE ROY,IL,40.34,-88.76
3804,61883,WESTVILLE,IL,40.04,-87.63
3744,61910,ARCOLA,IL,39.68,-88.30
3744,61546,MANITO,IL,40.42,-89.78
3742,61911,ARTHUR,IL,39.71,-88.46
3725,61880,TOLONO,IL,39.98,-88.26
3717,60112,CORTLAND,IL,41.92,-88.69
3711,61606,PEORIA,IL,40.74,-89.60
3711,61738,EL PASO,IL,40.73,-89.01
3690,60456,HOMETOWN,IL,41.73,-87.73
3680,60936,GIBSON CITY,IL,40.46,-88.34
3656,62265,NEW BADEN,IL,38.53,-89.69
3648,60151,MAPLE PARK,IL,41.90,-88.59
3628,60472,ROBBINS,IL,41.64,-87.70
3595,61063,PECATONICA,IL,42.30,-89.35
3556,62321,CARTHAGE,IL,40.41,-91.13
3542,60421,ELWOOD,IL,41.41,-88.10
3537,62467,TEUTOPOLIS,IL,39.13,-88.47
3489,62613,ATHENS,IL,39.96,-89.72
3480,60165,STONE PARK,IL,41.90,-87.88
3453,61310,AMBOY,IL,41.71,-89.33
3404,62016,CARROLLTON,IL,39.29,-90.41
3400,61547,MAPLETON,IL,40.56,-89.72
3378,60088,GREAT LAKES,IL,42.30,-87.85
3375,62014,BUNKER HILL,IL,39.04,-89.95
3341,61448,KNOXVILLE,IL,40.90,-90.28
3338,62690,VIRDEN,IL,39.50,-89.76
3327,61054,MOUNT MORRIS,IL,42.04,-89.43
3304,61064,POLO,IL,41.98,-89.57
3283,62060,MADISON,IL,38.67,-90.15
3275,60071,RICHMOND,IL,42.48,-88.30
3206,60551,SHERIDAN,IL,41.52,-88.68
3179,61410,ABINGDON,IL,40.80,-90.40
3170,62558,PAWNEE,IL,39.59,-89.58
3169,62535,FORSYTH,IL,39.92,-88.95
3135,62995,VIENNA,IL,37.41,-88.89
3126,62640,GIRARD,IL,39.44,-89.78
3112,61019,DAVIS,IL,42.42,-89.41
3110,60606,CHICAGO,IL,41.83,-87.68
3084,61542,LEWISTOWN,IL,40.39,-90.15
3073,62353,MOUNT STERLING,IL,39.98,-90.76
3066,61273,ORION,IL,41.35,-90.37
3061,60518,EARLVILLE,IL,41.58,-88.92
3017,62275,POCAHONTAS,IL,38.82,-89.53
3009,61517,BRIMFIELD,IL,40.83,-89.88
2998,62341,HAMILTON,IL,40.38,-91.36
2996,61085,STOCKTON,IL,42.35,-90.00
2987,61360,SENECA,IL,41.30,-88.61
2968,61559,PRINCEVILLE,IL,40.93,-89.75
2924,62264,NEW ATHENS,IL,38.31,-89.87
2898,61531,FARMINGTON,IL,40.69,-90.00
2895,62806,ALBION,IL,38.37,-88.05
2882,61084,STILLMAN VALLEY,IL,42.10,-89.17
2875,60940,GRANT PARK,IL,41.23,-87.64
2870,62447,NEOGA,IL,39.32,-88.45
2870,61422,BUSHNELL,IL,40.55,-90.50
2868,62075,NOKOMIS,IL,39.30,-89.28
2838,61277,PROPHETSTOWN,IL,41.66,-89.93
2825,62670,NEW BERLIN,IL,39.72,-89.91
2788,61434,GALVA,IL,41.16,-90.03
2781,62018,COTTAGE HILLS,IL,38.91,-90.08
2760,61858,OAKWOOD,IL,40.10,-87.77
2757,62694,WINCHESTER,IL,39.62,-90.45
2753,61536,HANNA CITY,IL,40.69,-89.79
2746,62952,JONESBORO,IL,37.45,-89.26
2743,62069,MOUNT OLIVE,IL,39.07,-89.72
2722,62449,OBLONG,IL,39.00,-87.90
2714,61238,CAMBRIDGE,IL,41.30,-90.19
2701,61011,CALEDONIA,IL,42.40,-88.90
2690,61753,LEXINGTON,IL,40.64,-88.78
2642,61046,LANARK,IL,42.10,-89.83
2633,61748,HUDSON,IL,40.60,-88.98
2623,60541,NEWARK,IL,41.53,-88.58
2618,61842,FARMER CITY,IL,40.24,-88.64
2579,62664,MASON CITY,IL,40.20,-89.69
2573,62920,COBDEN,IL,37.53,-89.25
2571,62257,MARISSA,IL,38.25,-89.75
2570,60520,HINCKLEY,IL,41.76,-88.64
2554,62428,GREENUP,IL,39.24,-88.15
2537,62550,MOWEAQUA,IL,39.62,-89.01
2533,62288,STEELEVILLE,IL,38.00,-89.66
2529,61020,DAVIS JUNCTION,IL,42.10,-89.09
2525,61053,MOUNT CARROLL,IL,42.09,-89.97
2524,61540,LACON,IL,41.02,-89.40
2520,62097,WORDEN,IL,38.93,-89.83
2512,61956,VILLA GROVE,IL,39.86,-88.15
2501,61529,ELMWOOD,IL,40.77,-89.96
2493,61537,HENRY,IL,41.11,-89.36
2464,62417,BRIDGEPORT,IL,38.71,-87.75
2462,62858,LOUISVILLE,IL,38.76,-88.50
2459,62939,GOREVILLE,IL,37.55,-88.97
2454,61734,DELAVAN,IL,40.37,-89.54
2437,61250,ERIE,IL,41.65,-90.08
2407,61561,ROANOKE,IL,40.79,-89.20
2405,60146,KIRKLAND,IL,42.09,-88.85
2385,62884,SESSER,IL,38.09,-89.05
2371,60145,KINGSTON,IL,42.09,-88.75
2371,60043,KENILWORTH,IL,42.08,-87.71
2370,60157,MEDINAH,IL,41.97,-88.05
2369,61528,EDWARDS,IL,40.75,-89.71
2360,61024,DURAND,IL,42.43,-89.32
2358,62677,PLEASANT PLAINS,IL,39.87,-89.92
2357,62922,CREAL SPRINGS,IL,37.61,-88.83
2340,62501,ARGENTA,IL,39.98,-88.81
2324,62822,CHRISTOPHER,IL,37.97,-89.05
2318,61726,CHENOA,IL,40.74,-88.71
2317,61281,SHERRARD,IL,41.31,-90.50
2312,62869,NORRIS CITY,IL,37.97,-88.32
2311,62082,ROODHOUSE,IL,39.48,-90.37
2281,60184,WAYNE,IL,41.95,-88.26
2275,61284,TAYLOR RIDGE,IL,41.38,-90.66
2245,61817,CATLIN,IL,40.06,-87.70
2209,61760,MINONK,IL,40.90,-89.03
2208,62092,WHITE HALL,IL,39.43,-90.40
2195,62216,AVISTON,IL,38.60,-89.60
2191,62237,COULTERVILLE,IL,38.18,-89.60
2187,61533,GLASFORD,IL,40.57,-89.81
2183,62468,TOLEDO,IL,39.27,-88.24
2177,62910,BROOKPORT,IL,37.12,-88.62
2171,62890,THOMPSONVILLE,IL,37.91,-88.76
2157,61326,GRANVILLE,IL,41.26,-89.22
2152,62067,MORO,IL,38.95,-89.99
2146,61723,ATLANTA,IL,40.26,-89.23
2139,62442,MARTINSVILLE,IL,39.33,-87.88
2135,62924,DE SOTO,IL,37.81,-89.22
2134,62281,SAINT JACOB,IL,38.71,-89.76
2127,61843,FISHER,IL,40.31,-88.34
2119,62691,VIRGINIA,IL,39.95,-90.21
2113,62903,CARBONDALE,IL,37.72,-89.21
2107,60922,CHEBANSE,IL,41.00,-87.91
2101,62466,SUMNER,IL,38.71,-87.86
2090,62914,CAIRO,IL,36.99,-89.17
2079,62326,COLCHESTER,IL,40.42,-90.79
2064,62080,RAMSEY,IL,39.14,-89.10
2049,62938,GOLCONDA,IL,37.36,-88.48
2043,60424,GARDNER,IL,41.18,-88.31
2035,62347,LIBERTY,IL,39.88,-91.10
2023,61756,MAROA,IL,40.03,-88.95
2010,60476,THORNTON,IL,41.57,-87.61
1985,60927,CLIFTON,IL,40.93,-87.93
1983,61732,DANVERS,IL,40.52,-89.17
1967,62548,MOUNT PULASKI,IL,40.01,-89.28
1963,61030,FORRESTON,IL,42.12,-89.57
1945,62320,CAMP POINT,IL,40.03,-91.06
1944,61427,CUBA,IL,40.49,-90.19
1936,60953,MILFORD,IL,40.62,-87.69
1916,62271,OKAWVILLE,IL,38.43,-89.54
1915,61376,WALNUT,IL,41.55,-89.59
1911,61012,CAPRON,IL,42.39,-88.74
1899,61373,UTICA,IL,41.38,-88.99
1898,62424,DIETERICH,IL,39.05,-88.38
1893,62958,MAKANDA,IL,37.61,-89.23
1893,61924,CHRISMAN,IL,39.80,-87.67
1890,62458,SAINT ELMO,IL,39.02,-88.85
1881,62917,CARRIER MILLS,IL,37.65,-88.61
1860,62882,SANDOVAL,IL,38.61,-89.11
1846,62451,PALESTINE,IL,39.00,-87.61
1841,61491,WYOMING,IL,41.06,-89.77
1840,62907,AVA,IL,37.88,-89.49
1820,62849,IUKA,IL,38.61,-88.78
1810,60941,HERSCHER,IL,41.04,-88.10
1809,62814,BLUFORD,IL,38.32,-88.73
1805,60034,HEBRON,IL,42.47,-88.42
1798,61469,OQUAWKA,IL,40.93,-90.94
1792,62379,WARSAW,IL,40.35,-91.42
1789,61744,GRIDLEY,IL,40.74,-88.88
1785,61028,ELIZABETH,IL,42.31,-90.22
1776,62418,BROWNSTOWN,IL,38.99,-88.95
1765,61937,LOVINGTON,IL,39.71,-88.63
1764,61833,TILTON,IL,40.09,-87.63
1759,62692,WAVERLY,IL,39.59,-89.95
1756,60955,ONARGA,IL,40.71,-88.01
1755,60938,GILMAN,IL,40.76,-87.99
1753,61062,PEARL CITY,IL,42.26,-89.82
1748,62926,DONGOLA,IL,37.36,-89.16
1741,62898,WOODLAWN,IL,38.33,-89.03
1741,60556,WATERMAN,IL,41.76,-88.77
1733,62888,TAMAROA,IL,38.13,-89.22
1729,62895,WAYNE CITY,IL,38.34,-88.58
1729,62685,SHIPMAN,IL,39.12,-90.04
1729,62844,GRAYVILLE,IL,38.25,-87.99
1719,60301,OAK PARK,IL,41.88,-87.78
1717,62044,GREENFIELD,IL,39.34,-90.20
1714,62870,ODIN,IL,38.61,-89.05
1709,61914,BETHANY,IL,39.64,-88.74
1708,62312,BARRY,IL,39.69,-91.03
1705,60531,LELAND,IL,41.61,-88.79
1703,61483,TOULON,IL,41.09,-89.86
1702,61256,HAMPTON,IL,41.55,-90.40
1699,62037,GRAFTON,IL,38.97,-90.42
1683,62868,NOBLE,IL,38.69,-88.22
1679,62612,ASHLAND,IL,39.88,-90.00
1676,60603,CHICAGO,IL,41.83,-87.68
1672,61813,BEMENT,IL,39.92,-88.57
1671,61736,DOWNS,IL,40.39,-88.87
1657,60602,CHICAGO,IL,41.83,-87.68
1644,61849,HOMER,IL,40.03,-87.95
1639,62215,ALBERS,IL,38.54,-89.61
1634,62531,EDINBURG,IL,39.65,-89.38
1633,62544,MACON,IL,39.70,-88.99
1627,62865,MULKEYTOWN,IL,37.96,-89.13
1613,62351,MENDON,IL,40.08,-91.28
1609,62693,WILLIAMSVILLE,IL,39.95,-89.55
1605,62245,GERMANTOWN,IL,38.55,-89.53
1601,60511,BIG ROCK,IL,41.76,-88.54
1601,61501,ASTORIA,IL,40.22,-90.35
1600,61957,WINDSOR,IL,39.43,-88.59
1600,61864,PHILO,IL,40.00,-88.15
1575,62935,GALATIA,IL,37.84,-88.61
1572,61570,WASHBURN,IL,40.92,-89.29
1562,62414,BEECHER CITY,IL,39.18,-88.78
1559,61415,AVON,IL,40.66,-90.43
1556,61047,LEAF RIVER,IL,42.12,-89.40
1554,62001,ALHAMBRA,IL,38.88,-89.73
1552,62240,EAST CARONDELET,IL,38.53,-90.23
1547,62087,SOUTH ROXANA,IL,38.82,-90.05
1543,61534,GREEN VALLEY,IL,40.40,-89.64
1538,60150,MALTA,IL,41.93,-88.86
1536,61535,GROVELAND,IL,40.61,-89.52
1533,61006,ASHTON,IL,41.86,-89.22
1528,62330,DALLAS CITY,IL,40.63,-91.16
1522,60444,MAZON,IL,41.23,-88.42
1517,62061,MARINE,IL,38.78,-89.77
1513,62513,BLUE MOUND,IL,39.70,-89.11
1507,61285,THOMSON,IL,41.95,-90.10
1506,61741,FORREST,IL,40.75,-88.40
1500,61877,SIDNEY,IL,40.02,-88.07
1499,62262,MULBERRY GROVE,IL,38.92,-89.26
1496,61913,ATWOOD,IL,39.79,-88.46
1491,62554,OREANA,IL,39.93,-88.86
1482,62360,PAYSON,IL,39.81,-91.24
1478,61818,CERRO GORDO,IL,39.89,-88.73
1475,62546,MORRISONVILLE,IL,39.42,-89.45
1472,60407,BRACEVILLE,IL,41.22,-88.26
1471,62854,KINMUNDY,IL,38.77,-88.84
1469,61450,LA HARPE,IL,40.58,-90.97
1469,61087,WARREN,IL,42.49,-89.99
1468,61943,OAKLAND,IL,39.65,-88.02
1465,60180,UNION,IL,42.23,-88.54
1465,60963,ROSSVILLE,IL,40.38,-87.66
1455,60924,CISSNA PARK,IL,40.56,-87.89
1446,61051,MILLEDGEVILLE,IL,41.96,-89.77
1442,62510,ASSUMPTION,IL,39.51,-89.04
1440,62476,WEST SALEM,IL,38.52,-88.00
1440,62009,BENLD,IL,39.09,-89.80
1434,62427,FLAT ROCK,IL,38.90,-87.67
1433,61473,ROSEVILLE,IL,40.73,-90.66
1429,61369,TOLUCA,IL,41.00,-89.13
1424,61031,FRANKLIN GROVE,IL,41.84,-89.30
1415,60913,BONFIELD,IL,41.14,-88.05
1410,62340,GRIGGSVILLE,IL,39.70,-90.72
1398,61725,CARLOCK,IL,40.58,-89.13
1391,62530,DIVERNON,IL,39.56,-89.65
1390,61759,MINIER,IL,40.43,-89.31
1386,62520,DAWSON,IL,39.85,-89.46
1383,61283,TAMPICO,IL,41.63,-89.78
1382,61740,FLANAGAN,IL,40.87,-88.86
1381,62838,FARINA,IL,38.83,-88.77
1379,62824,CLAY CITY,IL,38.68,-88.35
1377,62899,XENIA,IL,38.63,-88.63
1377,62823,CISNE,IL,38.51,-88.43
1374,62573,WARRENSBURG,IL,39.93,-89.06
1370,62218,BARTELSO,IL,38.53,-89.46
1367,61854,MANSFIELD,IL,40.21,-88.50
1364,60460,ODELL,IL,41.00,-88.52
1360,61878,THOMASBORO,IL,40.24,-88.18
1358,62443,MASON,IL,38.95,-88.62
1358,61486,VIOLA,IL,41.20,-90.58
1351,61060,ORANGEVILLE,IL,42.46,-89.64
1344,61412,ALEXIS,IL,41.06,-90.55
1341,62338,FOWLER,IL,40.00,-91.25
1334,61565,SPARLAND,IL,41.03,-89.44
1330,61747,HOPEDALE,IL,40.42,-89.41
1329,61330,LA MOILLE,IL,41.53,-89.28
1326,62984,SHAWNEETOWN,IL,37.71,-88.16
1324,62047,HARDIN,IL,39.15,-90.62
1322,61776,TOWANDA,IL,40.56,-88.90
1318,62354,NAUVOO,IL,40.54,-91.38
1316,62084,ROXANA,IL,38.83,-90.05
1315,61272,NEW BOSTON,IL,41.16,-91.00
1311,62295,VALMEYER,IL,38.30,-90.31
1310,62560,RAYMOND,IL,39.32,-89.57
1309,60948,LODA,IL,40.51,-88.07
1308,62668,MURRAYVILLE,IL,39.58,-90.25
1301,62242,EVANSVILLE,IL,38.08,-89.93
1284,61728,COLFAX,IL,40.56,-88.61
1283,61368,TISKILWA,IL,41.29,-89.50
1283,60966,SHELDON,IL,40.77,-87.56
1277,62665,MEREDOSIA,IL,39.83,-90.55
1275,62642,GREENVIEW,IL,40.08,-89.74
1275,61235,ATKINSON,IL,41.41,-90.01
1271,62932,ELKVILLE,IL,37.90,-89.23
1268,61361,SHEFFIELD,IL,41.35,-89.73
1267,62571,TOWER HILL,IL,39.38,-88.95
1263,62999,ZEIGLER,IL,37.89,-89.05
1261,61232,ANDALUSIA,IL,41.43,-90.72
1259,62808,ASHLEY,IL,38.32,-89.18
1258,62272,PERCY,IL,38.01,-89.61
1258,60921,CHATSWORTH,IL,40.75,-88.29
1256,61078,SHANNON,IL,42.15,-89.74
1255,60911,ASHKUM,IL,40.87,-87.95
1242,62988,TAMMS,IL,37.23,-89.26
1241,61259,ILLINOIS CITY,IL,41.40,-90.90
1239,62638,FRANKLIN,IL,39.62,-90.04
1235,62983,ROYALTON,IL,37.87,-89.11
1233,61370,TONICA,IL,41.21,-89.06
1232,62974,PITTSBURG,IL,37.77,-88.85
1226,61865,POTOMAC,IL,40.30,-87.79
1225,61421,BRADFORD,IL,41.17,-89.65
1218,61841,FAIRMOUNT,IL,40.04,-87.82
1214,61912,ASHMORE,IL,39.53,-88.02
1210,62473,WATSON,IL,39.02,-88.56
1209,62828,DAHLGREN,IL,38.19,-88.68
1202,62539,ILLIOPOLIS,IL,39.85,-89.24
1201,61379,WYANET,IL,41.36,-89.58
1192,60604,CHICAGO,IL,41.83,-87.68
1191,62931,ELIZABETHTOWN,IL,37.45,-88.30
1187,61377,WENONA,IL,41.05,-89.05
1183,61754,MC LEAN,IL,40.31,-89.17
1179,60550,SHABBONA,IL,41.76,-88.87
1177,62048,HARTFORD,IL,38.82,-90.09
1176,62086,SORENTO,IL,39.00,-89.57
1176,62830,DIX,IL,38.44,-88.94
1176,61041,HANOVER,IL,42.25,-90.27
1172,61884,WHITE HEATH,IL,40.08,-88.50
1172,61859,OGDEN,IL,40.11,-87.95
1170,62324,CLAYTON,IL,40.03,-90.95
1170,61038,GARDEN PRAIRIE,IL,42.25,-88.73
1165,61329,LADD,IL,41.38,-89.21
1164,61353,PAW PAW,IL,41.68,-88.98
1163,62366,PLEASANT HILL,IL,39.44,-90.87
1154,61234,ANNAWAN,IL,41.39,-89.90
1149,61480,STRONGHURST,IL,40.74,-90.90
1142,60512,BRISTOL,IL,41.71,-88.40
1125,61814,BISMARCK,IL,40.26,-87.60
1124,61847,GIFFORD,IL,40.30,-88.02
1116,62022,DOW,IL,39.04,-90.31
1115,62545,MECHANICSBURG,IL,39.81,-89.39
1108,62277,PRAIRIE DU ROCHER,IL,38.08,-90.09
1108,61465,NEW WINDSOR,IL,41.20,-90.45
1104,61327,HENNEPIN,IL,41.25,-89.31
1101,62674,PALMYRA,IL,39.43,-89.99
1101,61257,HILLSDALE,IL,41.61,-90.17
1099,61569,TRIVOLI,IL,40.69,-89.88
1097,62463,STEWARDSON,IL,39.26,-88.62
1094,62661,LOAMI,IL,39.67,-89.84
1094,61230,ALBANY,IL,41.78,-90.21
1092,61870,RIDGE FARM,IL,39.89,-87.65
1082,62462,SIGEL,IL,39.22,-88.49
1081,61014,CHADWICK,IL,42.01,-89.88
1077,61319,CORNELL,IL,40.99,-88.72
1072,62979,RIDGWAY,IL,37.79,-88.26
1072,62964,MOUNDS,IL,37.11,-89.20
1072,61052,MONROE CENTER,IL,42.11,-89.00
1057,61242,CORDOVA,IL,41.67,-90.32
1056,62063,MEDORA,IL,39.17,-90.14
1052,62214,ADDIEVILLE,IL,38.39,-89.48
1049,62376,URSA,IL,40.07,-91.37
1049,62367,PLYMOUTH,IL,40.29,-90.91
1048,61942,NEWMAN,IL,39.79,-87.98
1042,62440,LERNA,IL,39.41,-88.28
1041,62567,STONINGTON,IL,39.63,-89.19
1037,61490,WOODHULL,IL,41.17,-90.32
1034,62534,FINDLAY,IL,39.52,-88.75
1025,62431,HERRICK,IL,39.21,-88.98
1024,62933,ENERGY,IL,37.77,-89.02
1022,62621,BLUFFS,IL,39.75,-90.53
1022,61526,EDELSTEIN,IL,40.97,-89.58
1021,61413,ALPHA,IL,41.19,-90.38
1017,62827,CROSSVILLE,IL,38.16,-88.06
1017,61733,DEER CREEK,IL,40.62,-89.33
1012,62422,COWDEN,IL,39.24,-88.85
1009,61488,WATAGA,IL,41.02,-90.27
1006,61018,DAKOTA,IL,42.38,-89.52
998,62875,PATOKA,IL,38.75,-89.09
997,61770,SAYBROOK,IL,40.42,-88.52
992,62460,SAINT FRANCISVILLE,IL,38.59,-87.64
989,62835,ENFIELD,IL,38.10,-88.33
986,62816,BONNIE,IL,38.20,-88.90
985,61001,APPLE RIVER,IL,42.50,-90.09
981,62972,OZARK,IL,37.53,-88.76
973,61742,GOODFIELD,IL,40.62,-89.27
970,61933,KANSAS,IL,39.55,-87.93
968,61931,HUMBOLDT,IL,39.60,-88.31
968,61375,VARNA,IL,41.03,-89.22
967,61729,CONGERVILLE,IL,40.61,-89.20
965,61070,ROCK CITY,IL,42.41,-89.47
961,61420,BLANDINSVILLE,IL,40.55,-90.86
960,62987,STONEFORT,IL,37.61,-88.70
960,62255,LENZBURG,IL,38.28,-89.81
960,62241,ELLIS GROVE,IL,38.00,-89.90
956,61467,ONEIDA,IL,41.07,-90.22
949,62017,COFFEEN,IL,39.08,-89.39
946,62912,BUNCOMBE,IL,37.47,-88.97
944,62094,WITT,IL,39.25,-89.34
944,60935,ESSEX,IL,41.17,-88.19
940,62810,BELLE RIVE,IL,38.23,-88.73
935,61075,SCALES MOUND,IL,42.47,-90.25
934,61572,YATES CITY,IL,40.77,-90.01
930,61844,FITHIAN,IL,40.11,-87.87
928,62074,NEW DOUGLAS,IL,38.97,-89.66
927,62803,HOYLETON,IL,38.44,-89.27
927,62611,ARENZVILLE,IL,39.87,-90.37
923,61279,REYNOLDS,IL,41.33,-90.67
913,61349,OHIO,IL,41.55,-89.45
909,62872,OPDYKE,IL,38.27,-88.75
895,61925,DALTON CITY,IL,39.71,-88.80
894,62536,GLENARM,IL,39.61,-89.67
892,62893,WALNUT HILL,IL,38.47,-89.04
892,61015,CHANA,IL,41.99,-89.20
890,60072,RINGWOOD,IL,42.40,-88.29
888,61428,DAHINDA,IL,40.95,-90.10
886,61774,STANFORD,IL,40.43,-89.22
885,62533,FARMERSVILLE,IL,39.44,-89.65
884,60959,PIPER CITY,IL,40.75,-88.18
882,61325,GRAND RIDGE,IL,41.23,-88.83
878,62021,DORSEY,IL,38.97,-89.99
875,62410,ALLENDALE,IL,38.52,-87.71
875,61447,KIRKWOOD,IL,40.86,-90.74
873,62244,FULTS,IL,38.16,-90.21
856,62982,ROSICLARE,IL,37.42,-88.35
856,62028,ELSAH,IL,38.95,-90.35
855,62031,FIELDON,IL,39.10,-90.49
855,62627,CHANDLERVILLE,IL,40.04,-90.15
855,61261,LYNDON,IL,41.71,-89.92
844,62894,WALTONVILLE,IL,38.21,-89.03
844,61239,CARBON CLIFF,IL,41.49,-90.39
841,62990,THEBES,IL,37.21,-89.45
841,62433,HUTSONVILLE,IL,39.10,-87.66
841,62426,EDGEWOOD,IL,38.92,-88.66
839,62625,CANTRALL,IL,39.93,-89.68
833,62628,CHAPIN,IL,39.76,-90.40
830,61436,GILSON,IL,40.86,-90.20
829,60918,BUCKLEY,IL,40.59,-88.03
821,61777,WAPELLA,IL,40.22,-88.96
819,62682,SAN JOSE,IL,40.30,-89.60
816,62853,KELL,IL,38.49,-88.90
815,62465,STRASBURG,IL,39.35,-88.62
815,60960,RANKIN,IL,40.46,-87.89
808,62445,MONTROSE,IL,39.16,-88.37
803,62515,BUFFALO,IL,39.84,-89.40
800,62916,CAMPBELL HILL,IL,37.93,-89.55
799,60951,MARTINTON,IL,40.91,-87.72
798,61414,ALTONA,IL,41.11,-90.16
793,61771,SECOR,IL,40.74,-89.13
790,62461,SHUMWAY,IL,39.18,-88.65
790,61441,IPAVA,IL,40.35,-90.32
787,61489,WILLIAMSFIELD,IL,40.92,-90.01
786,61863,PESOTUM,IL,39.91,-88.27
785,62378,VERSAILLES,IL,39.88,-90.65
785,62957,MC CLURE,IL,37.29,-89.43
782,62634,ELKHART,IL,40.01,-89.48
782,61602,PEORIA,IL,40.74,-89.60
776,62477,WEST UNION,IL,39.21,-87.66
776,62934,EQUALITY,IL,37.73,-88.34
771,61089,WINSLOW,IL,42.49,-89.79
765,61367,SUBLETTE,IL,41.64,-89.23
762,62479,WHEELER,IL,39.04,-88.31
759,62889,TEXICO,IL,38.43,-88.86
756,61039,GERMAN VALLEY,IL,42.21,-89.48
747,62090,VENICE,IL,38.67,-90.16
745,62311,AUGUSTA,IL,40.23,-90.94
745,61437,GLADSTONE,IL,40.86,-90.95
745,61314,BUDA,IL,41.32,-89.67
744,62339,GOLDEN,IL,40.10,-91.01
739,62051,IRVING,IL,39.20,-89.40
738,62992,ULLIN,IL,37.28,-89.18
733,61484,VERMONT,IL,40.29,-90.42
730,61345,NEPONSET,IL,41.29,-89.79
729,60961,REDDICK,IL,41.09,-88.24
723,62885,SHOBONIER,IL,38.86,-89.08
722,62985,SIMPSON,IL,37.46,-88.75
722,62956,KARNAK,IL,37.29,-88.97
719,62551,NIANTIC,IL,39.85,-89.16
715,60553,STEWARD,IL,41.84,-89.02
713,61544,LONDON MILLS,IL,40.71,-90.26
712,61262,LYNN CENTER,IL,41.30,-90.35
712,61260,JOY,IL,41.19,-90.87
709,61430,EAST GALESBURG,IL,40.94,-90.31
708,60930,DANFORTH,IL,40.82,-87.97
705,61876,SIDELL,IL,39.91,-87.82
703,61067,RIDOTT,IL,42.29,-89.47
702,62807,ALMA,IL,38.72,-88.91
700,62474,WESTFIELD,IL,39.45,-87.99
700,62421,CLAREMONT,IL,38.71,-87.97
697,62635,EMDEN,IL,40.29,-89.48
697,62919,CAVE IN ROCK,IL,37.53,-88.23
697,61458,MAQUON,IL,40.79,-90.16
696,61872,SADORUS,IL,39.96,-88.34
696,60479,VERONA,IL,41.21,-88.50
692,62268,OAKDALE,IL,38.26,-89.50
692,61919,CAMARGO,IL,39.79,-88.16
687,62688,TALLULA,IL,39.94,-89.93
687,62547,MOUNT AUBURN,IL,39.76,-89.26
687,62054,KANE,IL,39.19,-90.35
687,61440,INDUSTRY,IL,40.32,-90.60
681,62842,GEFF,IL,38.44,-88.42
680,61875,SEYMOUR,IL,40.10,-88.41
679,62217,BALDWIN,IL,38.18,-89.84
663,61929,HAMMOND,IL,39.79,-88.59
663,62941,GRAND CHAIN,IL,37.25,-89.01
658,60928,CRESCENT CITY,IL,40.77,-87.85
656,60549,SERENA,IL,41.49,-88.75
651,61438,GOOD HOPE,IL,40.55,-90.67
647,61334,LOSTANT,IL,41.14,-89.06
645,61928,GAYS,IL,39.45,-88.49
644,62355,NEBO,IL,39.44,-90.79
643,62423,DENNISON,IL,39.46,-87.58
639,61840,DEWEY,IL,40.30,-88.26
635,61320,DALZELL,IL,41.35,-89.17
634,62480,WILLOW HILL,IL,38.99,-88.02
634,61442,KEITHSBURG,IL,41.10,-90.93
633,61516,BENSON,IL,40.85,-89.12
632,60929,CULLOM,IL,40.87,-88.26
629,62880,SAINT PETER,IL,38.86,-88.85
621,62032,FILLMORE,IL,39.11,-89.27
619,62343,HULL,IL,39.70,-91.20
619,61560,PUTNAM,IL,41.18,-89.40
614,61318,COMPTON,IL,41.69,-89.08
613,62905,ALTO PASS,IL,37.57,-89.31
613,61432,FAIRVIEW,IL,40.65,-90.19
608,62617,BATH,IL,40.19,-90.14
608,61811,ALVIN,IL,40.30,-87.60
608,61567,TOPEKA,IL,40.32,-89.93
607,61778,WAYNESVILLE,IL,40.24,-89.12
605,61454,LOMAX,IL,40.67,-91.07
603,62836,EWING,IL,38.08,-88.85
602,62358,NIOTA,IL,40.61,-91.28
600,62994,VERGENNES,IL,37.90,-89.33
597,62633,EASTON,IL,40.23,-89.84
597,62316,BOWEN,IL,40.23,-91.06
593,61472,RIO,IL,41.10,-90.39
592,62036,GOLDEN EAGLE,IL,38.89,-90.57
591,62977,RALEIGH,IL,37.82,-88.53
591,62253,KEYESPORT,IL,38.74,-89.27
590,61882,WELDON,IL,40.12,-88.75
582,61545,LOWPOINT,IL,40.87,-89.38
580,61482,TABLE GROVE,IL,40.36,-90.42
579,62943,GRANTSBURG,IL,37.37,-88.76
576,61418,BIGGSVILLE,IL,40.85,-90.86
574,60952,MELVIN,IL,40.57,-88.24
573,61423,CAMERON,IL,40.88,-90.51
570,60470,RANSOM,IL,41.15,-88.65
570,60530,LEE,IL,41.79,-88.94
568,61769,SAUNEMIN,IL,40.89,-88.40
566,61453,LITTLE YORK,IL,41.01,-90.74
562,60931,DONOVAN,IL,40.88,-87.61
559,62871,OMAHA,IL,37.88,-88.30
559,62349,LORAINE,IL,40.15,-91.22
557,62969,OLIVE BRANCH,IL,37.16,-89.36
557,62436,JEWETT,IL,39.20,-88.24
552,61721,ARMINGTON,IL,40.33,-89.31
551,62883,SCHELLER,IL,38.16,-89.09
550,62425,DUNDAS,IL,38.83,-88.08
547,62238,CUTLER,IL,38.03,-89.56
545,61839,DE LAND,IL,40.12,-88.64
545,61477,SMITHFIELD,IL,40.47,-90.29
541,61485,VICTORIA,IL,41.03,-90.09
537,62666,MIDDLETOWN,IL,40.10,-89.59
535,62846,INA,IL,38.15,-88.90
533,61336,MAGNOLIA,IL,41.11,-89.19
527,62053,KAMPSVILLE,IL,39.30,-90.62
525,62831,DU BOIS,IL,38.22,-89.21
523,62006,BATCHTOWN,IL,39.03,-90.65
514,62572,WAGGONER,IL,39.37,-89.65
514,62314,BAYLIS,IL,39.72,-90.90
512,61335,MC NABB,IL,41.17,-89.20
509,62701,SPRINGFIELD,IL,39.78,-89.64
508,62365,PLAINVILLE,IL,39.78,-91.18
508,62432,HIDALGO,IL,39.15,-88.15
508,62942,GRAND TOWER,IL,37.63,-89.50
501,62996,VILLA RIDGE,IL,37.15,-89.17
498,62671,NEW HOLLAND,IL,40.18,-89.58
495,62013,BRUSSELS,IL,38.95,-90.58
494,62543,LATHAM,IL,39.96,-89.16
493,61850,INDIANOLA,IL,39.92,-87.74
492,61722,ARROWSMITH,IL,40.44,-88.63
492,61007,BAILEYVILLE,IL,42.18,-89.59
491,60917,BUCKINGHAM,IL,41.04,-88.17
489,62015,BUTLER,IL,39.19,-89.53
488,61049,LINDENWOOD,IL,42.03,-89.02
487,61749,KENNEY,IL,40.09,-89.08
485,62673,OAKFORD,IL,40.10,-89.96
485,62655,KILBOURNE,IL,40.15,-90.00
485,60949,LUDLOW,IL,40.38,-88.12
484,61917,BROCTON,IL,39.71,-87.93
482,61042,HARMON,IL,41.71,-89.55
481,62284,SMITHBORO,IL,38.89,-89.34
479,61862,PENFIELD,IL,40.31,-87.96
478,62356,NEW CANTON,IL,39.63,-91.09
476,62963,MOUND CITY,IL,37.08,-89.16
475,62624,BROWNING,IL,40.12,-90.37
472,62817,BROUGHTON,IL,37.93,-88.46
470,62860,MACEDONIA,IL,38.05,-88.70
468,62954,JUNCTION,IL,37.72,-88.23
467,62877,RICHVIEW,IL,38.37,-89.18
466,61378,WEST BROOKLYN,IL,41.69,-89.14
464,61930,HINDSBORO,IL,39.68,-88.13
464,60912,BEAVERVILLE,IL,40.95,-87.65
461,62027,ELDRED,IL,39.28,-90.55
458,62970,OLMSTED,IL,37.18,-89.08
456,61816,BROADLANDS,IL,39.90,-87.99
454,61737,ELLSWORTH,IL,40.44,-88.71
452,62630,CHESTERFIELD,IL,39.25,-90.06
438,60919,CABERY,IL,40.99,-88.20
427,60962,ROBERTS,IL,40.61,-88.18
427,61425,CARMAN,IL,40.73,-91.06
