63056,63376,SAINT PETERS,MO,38.77,-90.60
50402,63021,BALLWIN,MO,38.59,-90.55
48033,63129,SAINT LOUIS,MO,38.63,-90.24
43701,63123,SAINT LOUIS,MO,38.63,-90.24
42430,65203,COLUMBIA,MO,38.95,-92.32
41184,63366,O FALLON,MO,38.78,-90.70
40192,63031,FLORISSANT,MO,38.79,-90.32
39592,63303,SAINT CHARLES,MO,38.79,-90.51
38665,63026,FENTON,MO,38.53,-90.45
38062,65807,SPRINGFIELD,MO,37.19,-93.28
37910,63301,SAINT CHARLES,MO,38.79,-90.51
37018,63017,CHESTERFIELD,MO,38.65,-90.58
36489,63304,SAINT CHARLES,MO,38.79,-90.51
36386,63136,SAINT LOUIS,MO,38.63,-90.24
35384,63033,FLORISSANT,MO,38.79,-90.32
35097,63368,O FALLON,MO,38.78,-90.70
34973,65202,COLUMBIA,MO,38.95,-92.32
34584,63122,SAINT LOUIS,MO,38.63,-90.24
33439,63116,SAINT LOUIS,MO,38.63,-90.24
32893,63011,BALLWIN,MO,38.59,-90.55
32787,64118,KANSAS CITY,MO,39.09,-94.58
31959,65109,JEFFERSON CITY,MO,38.57,-92.19
31813,65803,SPRINGFIELD,MO,37.19,-93.28
30888,63010,ARNOLD,MO,38.42,-90.36
30388,65802,SPRINGFIELD,MO,37.19,-93.28
29912,65804,SPRINGFIELD,MO,37.19,-93.28
29483,64068,LIBERTY,MO,39.24,-94.41
29286,63385,WENTZVILLE,MO,38.81,-90.85
28958,63114,SAINT LOUIS,MO,38.63,-90.24
28806,64055,INDEPENDENCE,MO,39.08,-94.35
28606,63119,SAINT LOUIS,MO,38.63,-90.24
28240,64804,JOPLIN,MO,37.08,-94.50
27498,64133,KANSAS CITY,MO,39.09,-94.58
27038,63128,SAINT LOUIS,MO,38.63,-90.24
26977,63125,SAINT LOUIS,MO,38.63,-90.24
26554,64015,BLUE SPRINGS,MO,39.01,-94.28
26449,63701,CAPE GIRARDEAU,MO,37.30,-89.55
25948,65301,SEDALIA,MO,38.70,-93.23
24912,63146,SAINT LOUIS,MO,38.63,-90.24
24610,65714,NIXA,MO,37.04,-93.29
24389,64119,KANSAS CITY,MO,39.09,-94.58
24265,63901,POPLAR BLUFF,MO,36.76,-90.40
23939,64801,JOPLIN,MO,37.08,-94.50
23019,63130,SAINT LOUIS,MO,38.63,-90.24
22921,63109,SAINT LOUIS,MO,38.63,-90.24
22817,63052,IMPERIAL,MO,38.36,-90.37
22715,64152,KANSAS CITY,MO,39.09,-94.58
22596,65721,OZARK,MO,37.01,-93.20
22561,65536,LEBANON,MO,37.67,-92.66
22429,64012,BELTON,MO,38.81,-94.53
22034,65101,JEFFERSON CITY,MO,38.57,-92.19
21809,63028,FESTUS,MO,38.22,-90.40
20650,64151,KANSAS CITY,MO,39.09,-94.58
20568,63755,JACKSON,MO,37.38,-89.65
20557,64014,BLUE SPRINGS,MO,39.01,-94.28
20451,65401,ROLLA,MO,37.94,-91.76
20286,64138,KANSAS CITY,MO,39.09,-94.58
19923,63121,SAINT LOUIS,MO,38.63,-90.24
19663,64114,KANSAS CITY,MO,39.09,-94.58
19652,64081,LEES SUMMIT,MO,38.91,-94.38
19520,64155,KANSAS CITY,MO,39.09,-94.58
19290,65201,COLUMBIA,MO,38.95,-92.32
19208,63090,WASHINGTON,MO,38.55,-91.01
19199,63379,TROY,MO,38.97,-90.98
19136,63043,MARYLAND HEIGHTS,MO,38.72,-90.47
18797,64030,GRANDVIEW,MO,38.88,-94.52
18539,64086,LEES SUMMIT,MO,38.91,-94.38
18440,63139,SAINT LOUIS,MO,38.63,-90.24
18389,63640,FARMINGTON,MO,37.78,-90.42
18271,64850,NEOSHO,MO,36.84,-94.37
18236,63141,SAINT LOUIS,MO,38.63,-90.24
18169,63801,SIKESTON,MO,36.88,-89.58
18146,65775,WEST PLAINS,MO,36.74,-91.86
17974,65810,SPRINGFIELD,MO,37.19,-93.28
17943,64093,WARRENSBURG,MO,38.75,-93.72
17550,64083,RAYMORE,MO,38.81,-94.45
17404,64063,LEES SUMMIT,MO,38.91,-94.38
17296,64836,CARTHAGE,MO,37.16,-94.31
17207,65616,BRANSON,MO,36.64,-93.24
17161,63401,HANNIBAL,MO,39.70,-91.38
17087,63118,SAINT LOUIS,MO,38.63,-90.24
17076,64506,SAINT JOSEPH,MO,39.76,-94.85
16765,63020,DE SOTO,MO,38.13,-90.56
16614,63005,CHESTERFIELD,MO,38.65,-90.58
16536,63367,LAKE SAINT LOUIS,MO,38.78,-90.78
16521,63042,HAZELWOOD,MO,38.77,-90.35
16509,63135,SAINT LOUIS,MO,38.63,-90.24
16466,64134,KANSAS CITY,MO,39.09,-94.58
16252,63034,FLORISSANT,MO,38.79,-90.32
16193,63131,SAINT LOUIS,MO,38.63,-90.24
16169,64050,INDEPENDENCE,MO,39.08,-94.35
15969,64131,KANSAS CITY,MO,39.09,-94.58
15883,64052,INDEPENDENCE,MO,39.08,-94.35
15601,65251,FULTON,MO,38.85,-91.95
15187,63138,SAINT LOUIS,MO,38.63,-90.24
15079,63137,SAINT LOUIS,MO,38.63,-90.24
14489,63084,UNION,MO,38.44,-91.01
14431,63115,SAINT LOUIS,MO,38.63,-90.24
14296,64130,KANSAS CITY,MO,39.09,-94.58
14290,63049,HIGH RIDGE,MO,38.46,-90.53
13964,63126,SAINT LOUIS,MO,38.63,-90.24
13841,64029,GRAIN VALLEY,MO,39.00,-94.20
13693,64064,LEES SUMMIT,MO,38.91,-94.38
13596,65738,REPUBLIC,MO,37.11,-93.47
13585,63775,PERRYVILLE,MO,37.72,-89.87
13491,63111,SAINT LOUIS,MO,38.63,-90.24
13378,63501,KIRKSVILLE,MO,40.19,-92.57
13186,63112,SAINT LOUIS,MO,38.63,-90.24
13173,64157,KANSAS CITY,MO,39.09,-94.58
13130,63050,HILLSBORO,MO,38.23,-90.56
13063,64056,INDEPENDENCE,MO,39.08,-94.35
12907,64024,EXCELSIOR SPRINGS,MO,39.35,-94.23
12834,63104,SAINT LOUIS,MO,38.63,-90.24
12764,64116,KANSAS CITY,MO,39.09,-94.58
12737,63383,WARRENTON,MO,38.82,-91.14
12633,63601,PARK HILLS,MO,37.84,-90.52
12586,63074,SAINT ANN,MO,38.72,-90.38
12465,65270,MOBERLY,MO,39.41,-92.43
12462,63025,EUREKA,MO,38.50,-90.64
12402,65265,MEXICO,MO,39.16,-91.87
12190,65613,BOLIVAR,MO,37.60,-93.41
12133,63105,SAINT LOUIS,MO,38.63,-90.24
12007,64082,LEES SUMMIT,MO,38.91,-94.38
11972,63069,PACIFIC,MO,38.47,-90.75
11920,63110,SAINT LOUIS,MO,38.63,-90.24
11892,63051,HOUSE SPRINGS,MO,38.41,-90.56
11859,65340,MARSHALL,MO,39.11,-93.20
11820,63132,SAINT LOUIS,MO,38.63,-90.24
11809,64701,HARRISONVILLE,MO,38.65,-94.34
11534,65706,MARSHFIELD,MO,37.33,-92.91
11430,64060,KEARNEY,MO,39.36,-94.36
11399,65020,CAMDENTON,MO,38.00,-92.74
11396,64057,INDEPENDENCE,MO,39.08,-94.35
11188,64870,WEBB CITY,MO,37.14,-94.47
11066,63108,SAINT LOUIS,MO,38.63,-90.24
11001,64117,KANSAS CITY,MO,39.09,-94.58
10940,63080,SULLIVAN,MO,38.21,-91.16
10868,64505,SAINT JOSEPH,MO,39.76,-94.85
10810,64080,PLEASANT HILL,MO,38.79,-94.26
10803,64111,KANSAS CITY,MO,39.09,-94.58
10647,64507,SAINT JOSEPH,MO,39.76,-94.85
10581,64735,CLINTON,MO,38.37,-93.76
10513,64113,KANSAS CITY,MO,39.09,-94.58
10420,63134,SAINT LOUIS,MO,38.63,-90.24
10395,63841,DEXTER,MO,36.79,-89.96
10391,64127,KANSAS CITY,MO,39.09,-94.58
10383,64079,PLATTE CITY,MO,39.36,-94.77
10369,63628,BONNE TERRE,MO,37.92,-90.54
10301,65560,SALEM,MO,37.63,-91.53
10261,64772,NEVADA,MO,37.84,-94.35
10238,64503,SAINT JOSEPH,MO,39.76,-94.85
10153,64089,SMITHVILLE,MO,39.38,-94.57
9896,65583,WAYNESVILLE,MO,37.82,-92.21
9876,65809,SPRINGFIELD,MO,37.19,-93.28
9801,64110,KANSAS CITY,MO,39.09,-94.58
9595,65708,MONETT,MO,36.92,-93.92
9514,63077,SAINT CLAIR,MO,38.35,-90.98
9502,63670,SAINTE GENEVIEVE,MO,37.97,-90.04
9437,64132,KANSAS CITY,MO,39.09,-94.58
9342,64075,OAK GROVE,MO,39.00,-94.12
9333,65742,ROGERSVILLE,MO,37.11,-93.05
9225,64468,MARYVILLE,MO,40.34,-94.87
9209,63124,SAINT LOUIS,MO,38.63,-90.24
9165,65605,AURORA,MO,36.96,-93.72
9133,64601,CHILLICOTHE,MO,39.79,-93.55
9095,63044,BRIDGETON,MO,38.76,-90.42
9017,63012,BARNHART,MO,38.33,-90.40
9013,63857,KENNETT,MO,36.24,-90.04
8913,64504,SAINT JOSEPH,MO,39.76,-94.85
8807,65026,ELDON,MO,38.35,-92.57
8691,65233,BOONVILLE,MO,38.96,-92.74
8598,63645,FREDERICKTOWN,MO,37.56,-90.29
8500,64501,SAINT JOSEPH,MO,39.76,-94.85
8304,63113,SAINT LOUIS,MO,38.63,-90.24
8226,65043,HOLTS SUMMIT,MO,38.64,-92.11
7974,63390,WRIGHT CITY,MO,38.82,-91.02
7856,63117,SAINT LOUIS,MO,38.63,-90.24
7834,63147,SAINT LOUIS,MO,38.63,-90.24
7765,64076,ODESSA,MO,38.99,-93.95
7698,64834,CARL JUNCTION,MO,37.16,-94.54
7658,65355,WARSAW,MO,38.24,-93.37
7608,64078,PECULIAR,MO,38.72,-94.45
7597,64137,KANSAS CITY,MO,39.09,-94.58
7580,64124,KANSAS CITY,MO,39.09,-94.58
7566,63143,SAINT LOUIS,MO,38.63,-90.24
7553,64429,CAMERON,MO,39.74,-94.23
7551,64128,KANSAS CITY,MO,39.09,-94.58
7549,63144,SAINT LOUIS,MO,38.63,-90.24
7417,65584,SAINT ROBERT,MO,37.83,-92.12
7349,63040,GROVER,MO,38.57,-90.65
7324,63107,SAINT LOUIS,MO,38.63,-90.24
7128,64154,KANSAS CITY,MO,39.09,-94.58
7092,63935,DONIPHAN,MO,36.62,-90.82
7090,65608,AVA,MO,36.95,-92.66
7060,65781,WILLARD,MO,37.29,-93.41
7051,64085,RICHMOND,MO,39.27,-93.97
7045,65711,MOUNTAIN GROVE,MO,37.13,-92.26
7033,65559,SAINT JAMES,MO,38.00,-91.61
6969,64485,SAVANNAH,MO,39.93,-94.82
6849,63016,CEDAR HILL,MO,38.35,-90.64
6727,64129,KANSAS CITY,MO,39.09,-94.58
6639,63088,VALLEY PARK,MO,38.55,-90.48
6619,64034,GREENWOOD,MO,38.85,-94.34
6614,65453,CUBA,MO,38.06,-91.39
6610,63664,POTOSI,MO,37.93,-90.78
6597,65622,BUFFALO,MO,37.64,-93.09
6567,65737,REEDS SPRING,MO,36.75,-93.38
6554,64123,KANSAS CITY,MO,39.09,-94.58
6533,64759,LAMAR,MO,37.49,-94.27
6483,63120,SAINT LOUIS,MO,38.63,-90.24
6457,63552,MACON,MO,39.73,-92.47
6441,64112,KANSAS CITY,MO,39.09,-94.58
6439,63106,SAINT LOUIS,MO,38.63,-90.24
6392,65625,CASSVILLE,MO,36.67,-93.86
6362,63038,GLENCOE,MO,38.57,-90.63
6330,65240,CENTRALIA,MO,39.21,-92.13
6330,65018,CALIFORNIA,MO,38.63,-92.56
6297,64683,TRENTON,MO,40.08,-93.60
6219,65712,MOUNT VERNON,MO,37.10,-93.81
6176,65459,DIXON,MO,37.99,-92.09
6066,65619,BROOKLINE,MO,37.12,-93.39
6026,64109,KANSAS CITY,MO,39.09,-94.58
5932,65049,LAKE OZARK,MO,38.18,-92.62
5818,65757,STRAFFORD,MO,37.26,-93.11
5807,64744,EL DORADO SPRINGS,MO,37.86,-94.01
5629,64730,BUTLER,MO,38.25,-94.33
5480,64058,INDEPENDENCE,MO,39.08,-94.35
5470,63348,FORISTELL,MO,38.81,-90.96
5440,63133,SAINT LOUIS,MO,38.63,-90.24
5424,65066,OWENSVILLE,MO,38.34,-91.49
5406,63070,PEVELY,MO,38.28,-90.39
5400,65746,SEYMOUR,MO,37.14,-92.76
5364,65473,FORT LEONARD WOOD,MO,37.70,-92.15
5311,63780,SCOTT CITY,MO,37.22,-89.53
5296,64040,HOLDEN,MO,38.71,-93.98
5269,63703,CAPE GIRARDEAU,MO,37.30,-89.55
5249,64062,LAWSON,MO,39.43,-94.21
5202,63089,VILLA RIDGE,MO,38.47,-90.88
5195,65672,HOLLISTER,MO,36.61,-93.22
5184,65065,OSAGE BEACH,MO,38.13,-92.65
5164,63389,WINFIELD,MO,38.99,-90.73
5159,63334,BOWLING GREEN,MO,39.33,-91.19
5109,64108,KANSAS CITY,MO,39.09,-94.58
5071,63362,MOSCOW MILLS,MO,38.94,-90.91
4987,63830,CARUTHERSVILLE,MO,36.17,-89.66
4973,64037,HIGGINSVILLE,MO,39.06,-93.72
4925,65084,VERSAILLES,MO,38.43,-92.84
4886,65010,ASHLAND,MO,38.77,-92.25
4885,63461,PALMYRA,MO,39.79,-91.52
4884,65806,SPRINGFIELD,MO,37.19,-93.28
4822,65336,KNOB NOSTER,MO,38.76,-93.56
4808,65041,HERMANN,MO,38.69,-91.43
4788,63357,MARTHASVILLE,MO,38.62,-91.05
4707,64628,BROOKFIELD,MO,39.78,-93.07
4688,63127,SAINT LOUIS,MO,38.63,-90.24
4624,64865,SENECA,MO,36.83,-94.60
4622,65793,WILLOW SPRINGS,MO,36.99,-91.96
4465,65653,FORSYTH,MO,36.68,-93.10
4465,65648,FAIR GROVE,MO,37.38,-93.15
4431,64067,LEXINGTON,MO,39.18,-93.87
4423,63764,MARBLE HILL,MO,37.30,-89.98
4416,64145,KANSAS CITY,MO,39.09,-94.58
4361,64831,ANDERSON,MO,36.65,-94.44
4343,65556,RICHLAND,MO,37.86,-92.39
4340,64153,KANSAS CITY,MO,39.09,-94.58
4326,64633,CARROLLTON,MO,39.36,-93.49
4305,65548,MOUNTAIN VIEW,MO,36.99,-91.69
4284,63863,MALDEN,MO,36.58,-89.97
4205,65441,BOURBON,MO,38.15,-91.24
4190,63068,NEW HAVEN,MO,38.60,-91.21
4190,63023,DITTMER,MO,38.33,-90.68
4154,63834,CHARLESTON,MO,36.91,-89.33
4132,63845,EAST PRAIRIE,MO,36.77,-89.38
4107,65565,STEELVILLE,MO,37.96,-91.35
4070,63957,PIEDMONT,MO,37.14,-90.69
4051,65610,BILLINGS,MO,37.06,-93.55
4050,65686,KIMBERLING CITY,MO,36.64,-93.42
4035,64106,KANSAS CITY,MO,39.09,-94.58
3984,65785,STOCKTON,MO,37.69,-93.79
3891,63740,CHAFFEE,MO,37.18,-89.66
3842,64158,KANSAS CITY,MO,39.09,-94.58
3796,64016,BUCKNER,MO,39.13,-94.19
3764,65753,SPARTA,MO,37.00,-93.08
3752,65542,LICKING,MO,37.49,-91.86
3750,65051,LINN,MO,38.48,-91.84
3710,63353,LOUISIANA,MO,39.44,-91.05
3704,64053,INDEPENDENCE,MO,39.08,-94.35
3700,63873,PORTAGEVILLE,MO,36.42,-89.69
3698,64048,HOLT,MO,39.45,-94.34
3688,63019,CRYSTAL CITY,MO,38.22,-90.38
3682,65483,HOUSTON,MO,37.32,-91.95
3669,65631,CLEVER,MO,37.02,-93.47
3659,64126,KANSAS CITY,MO,39.09,-94.58
3639,65656,GALENA,MO,36.80,-93.47
3619,63361,MONTGOMERY CITY,MO,38.97,-91.50
3572,63343,ELSBERRY,MO,39.17,-90.78
3572,64465,LATHROP,MO,39.54,-94.32
3529,65360,WINDSOR,MO,38.53,-93.52
3514,65079,SUNRISE BEACH,MO,38.17,-92.77
3510,65689,CABOOL,MO,37.12,-92.10
3489,63459,NEW LONDON,MO,39.58,-91.39
3486,63456,MONROE CITY,MO,39.65,-91.73
3474,64424,BETHANY,MO,40.26,-94.02
3466,63103,SAINT LOUIS,MO,38.63,-90.24
3464,65037,GRAVOIS MILLS,MO,38.30,-92.82
3379,63825,BLOOMFIELD,MO,36.88,-89.93
3341,65255,HALLSVILLE,MO,39.11,-92.21
3278,63341,DEFIANCE,MO,38.63,-90.78
3271,65248,FAYETTE,MO,39.14,-92.68
3267,64844,GRANBY,MO,36.91,-94.26
3213,63445,KAHOKA,MO,40.42,-91.71
3189,64747,GARDEN CITY,MO,38.56,-94.18
3126,64156,KANSAS CITY,MO,39.09,-94.58
3118,63650,IRONTON,MO,37.59,-90.63
3112,63630,CADET,MO,37.98,-90.68
3079,65791,THAYER,MO,36.52,-91.54
3076,64720,ADRIAN,MO,38.39,-94.35
3040,64854,NOEL,MO,36.54,-94.48
3009,65633,CRANE,MO,36.90,-93.57
2992,63565,UNIONVILLE,MO,40.47,-93.00
2992,65604,ASH GROVE,MO,37.31,-93.58
2945,65705,MARIONVILLE,MO,37.00,-93.63
2941,64054,INDEPENDENCE,MO,39.08,-94.35
2936,64020,CONCORDIA,MO,38.98,-93.56
2929,64856,PINEVILLE,MO,36.59,-94.38
2912,63851,HAYTI,MO,36.23,-89.74
2893,63382,VANDALIA,MO,39.30,-91.49
2892,65063,NEW BLOOMFIELD,MO,38.71,-92.08
2885,65723,PIERCE CITY,MO,36.94,-94.00
2878,64061,KINGSVILLE,MO,38.74,-94.06
2868,63072,ROBERTSVILLE,MO,38.41,-90.81
2856,63556,MILAN,MO,40.20,-93.12
2846,64477,PLATTSBURG,MO,39.56,-94.46
2843,65747,SHELL KNOB,MO,36.63,-93.63
2831,64070,LONE JACK,MO,38.87,-94.16
2821,63435,CANTON,MO,40.12,-91.52
2763,65704,MANSFIELD,MO,37.10,-92.58
2737,63933,CAMPBELL,MO,36.49,-90.07
2732,65652,FORDLAND,MO,37.15,-92.94
2731,64658,MARCELINE,MO,39.71,-92.94
2729,64011,BATES CITY,MO,39.00,-94.07
2724,64776,OSCEOLA,MO,38.04,-93.69
2718,65231,AUXVASSE,MO,39.01,-91.89
2694,65078,STOVER,MO,38.44,-92.98
2683,65052,LINN CREEK,MO,38.04,-92.70
2677,63869,NEW MADRID,MO,36.58,-89.54
2658,63048,HERCULANEUM,MO,38.25,-90.38
2653,63037,GERALD,MO,38.39,-91.33
2639,65013,BELLE,MO,38.28,-91.72
2616,63736,BENTON,MO,37.09,-89.56
2616,63730,ADVANCE,MO,37.10,-89.91
2603,63877,STEELE,MO,36.08,-89.84
2593,63624,BISMARCK,MO,37.76,-90.62
2559,65734,PURDY,MO,36.81,-93.92
2552,65486,IBERIA,MO,38.08,-92.29
2550,65074,RUSSELLVILLE,MO,38.51,-92.43
2538,64640,GALLATIN,MO,39.91,-93.96
2532,65281,SALISBURY,MO,39.42,-92.80
2531,65325,COLE CAMP,MO,38.45,-93.20
2524,65452,CROCKER,MO,37.94,-92.26
2519,63555,MEMPHIS,MO,40.46,-92.16
2497,63347,FOLEY,MO,39.04,-90.74
2487,64862,SARCOXIE,MO,37.06,-94.12
2484,64098,WESTON,MO,39.41,-94.89
2475,65770,WALNUT GROVE,MO,37.41,-93.54
2425,65081,TIPTON,MO,38.65,-92.78
2408,63627,BLOOMSDALE,MO,38.01,-90.21
2401,64843,GOODMAN,MO,36.73,-94.40
2385,65740,ROCKAWAY BEACH,MO,36.70,-93.15
2365,63660,MINERAL POINT,MO,37.94,-90.72
2361,65606,ALTON,MO,36.69,-91.39
2349,64105,KANSAS CITY,MO,39.09,-94.58
2331,64644,HAMILTON,MO,39.74,-94.00
2329,64840,DIAMOND,MO,36.99,-94.31
2301,63960,PUXICO,MO,36.95,-90.15
2297,65338,LINCOLN,MO,38.39,-93.33
2282,65259,HUNTSVILLE,MO,39.43,-92.54
2279,65655,GAINESVILLE,MO,36.60,-92.42
2272,63468,SHELBINA,MO,39.69,-92.03
2272,63822,BERNIE,MO,36.67,-89.97
2268,65769,VERONA,MO,36.96,-93.79
2260,65632,CONWAY,MO,37.50,-92.82
2256,63771,ORAN,MO,37.08,-89.65
2249,64150,RIVERSIDE,MO,39.09,-94.58
2233,64454,GOWER,MO,39.61,-94.59
2215,65667,HARTVILLE,MO,37.25,-92.51
2186,64855,ORONOGO,MO,37.18,-94.46
2132,63965,VAN BUREN,MO,37.00,-91.01
2128,63055,LABADIE,MO,38.53,-90.87
2114,65644,ELKLAND,MO,37.44,-93.03
2098,65305,WHITEMAN AIR FORCE BASE,MO,38.73,-93.55
2096,64755,JASPER,MO,37.33,-94.30
2093,65550,NEWBURG,MO,37.91,-91.90
2092,63937,ELLSINORE,MO,36.93,-90.74
2092,63638,ELLINGTON,MO,37.23,-90.97
2076,65438,BIRCH TREE,MO,36.99,-91.49
2044,65275,PARIS,MO,39.47,-92.00
2016,65679,KIRBYVILLE,MO,36.62,-93.16
1976,63369,OLD MONROE,MO,38.93,-90.74
1962,63549,LA PLATA,MO,40.02,-92.49
1961,65725,PLEASANT HOPE,MO,37.46,-93.27
1960,65039,HARTSBURG,MO,38.69,-92.30
1914,65349,SLATER,MO,39.22,-93.06
1913,63060,LONEDELL,MO,38.30,-90.82
1909,64779,RICH HILL,MO,38.09,-94.36
1907,63673,SAINT MARY,MO,37.87,-89.94
1906,65243,CLARK,MO,39.28,-92.34
1906,64402,ALBANY,MO,40.24,-94.33
1902,64673,PRINCETON,MO,40.39,-93.58
1899,65669,HIGHLANDVILLE,MO,36.93,-93.28
1894,64725,ARCHIE,MO,38.48,-94.34
1891,63101,SAINT LOUIS,MO,38.63,-90.24
1891,64019,CENTERVIEW,MO,38.74,-93.84
1882,65351,SWEET SPRINGS,MO,38.96,-93.41
1882,65284,STURGEON,MO,39.23,-92.28
1876,63377,SILEX,MO,39.12,-91.05
1868,65661,GREENFIELD,MO,37.41,-93.84
1866,63015,CATAWISSA,MO,38.42,-90.78
1865,65588,WINONA,MO,37.00,-91.33
1847,65745,SELIGMAN,MO,36.52,-93.93
1833,65717,NORWOOD,MO,37.10,-92.41
1824,64742,DREXEL,MO,38.48,-94.60
1814,64490,STEWARTSVILLE,MO,39.75,-94.49
1808,65713,NIANGUA,MO,37.38,-92.82
1798,65674,HUMANSVILLE,MO,37.79,-93.57
1784,64469,MAYSVILLE,MO,39.88,-94.36
1781,64734,CLEVELAND,MO,38.67,-94.59
1770,65707,MILLER,MO,37.21,-93.84
1764,65681,LAMPE,MO,36.56,-93.43
1763,65014,BLAND,MO,38.30,-91.63
1763,63966,WAPPAPELLO,MO,36.99,-90.27
1756,64482,ROCK PORT,MO,40.41,-95.51
1725,65582,VIENNA,MO,38.18,-91.94
1722,63056,LESLIE,MO,38.41,-91.23
1672,65647,EXETER,MO,36.67,-93.93
1662,65663,HALF WAY,MO,37.61,-93.24
1662,65611,BLUE EYE,MO,36.49,-93.39
1650,64671,POLO,MO,39.55,-94.04
1642,65337,LA MONTE,MO,38.77,-93.42
1642,63349,HAWK POINT,MO,38.97,-91.13
1638,65772,WASHBURN,MO,36.58,-93.96
1617,64077,ORRICK,MO,39.21,-94.12
1615,65011,BARNETT,MO,38.37,-92.67
1612,65023,CENTERTOWN,MO,38.61,-92.40
1611,65256,HARRISBURG,MO,39.14,-92.45
1591,65279,ROCHEPORT,MO,38.97,-92.56
1587,65786,MACKS CREEK,MO,37.96,-92.97
1569,65571,SUMMERSVILLE,MO,37.17,-91.65
1554,64136,KANSAS CITY,MO,39.09,-94.58
1552,65779,WHEATLAND,MO,37.94,-93.40
1546,65682,LOCKWOOD,MO,37.38,-93.95
1538,65263,MADISON,MO,39.47,-92.21
1533,64489,STANBERRY,MO,40.21,-94.53
1532,65552,PLATO,MO,37.50,-92.22
1527,65767,URBANA,MO,37.84,-93.16
1519,63876,SENATH,MO,36.13,-90.16
1518,64491,TARKIO,MO,40.44,-95.38
1513,65646,EVERTON,MO,37.34,-93.70
1512,63351,JONESBURG,MO,38.85,-91.30
1502,63384,WELLSVILLE,MO,39.07,-91.56
1501,63537,EDINA,MO,40.16,-92.17
1494,65035,FREEBURG,MO,38.31,-91.92
1493,65722,PHILLIPSBURG,MO,37.55,-92.78
1477,63967,WILLIAMSVILLE,MO,36.97,-90.54
1471,65350,SMITHTON,MO,38.68,-93.09
1469,64492,TRIMBLE,MO,39.47,-94.56
1457,65032,EUGENE,MO,38.35,-92.40
1451,65789,POMONA,MO,36.86,-91.91
1451,64724,APPLETON CITY,MO,38.19,-94.03
1449,63013,BEAUFORT,MO,38.41,-91.19
1445,65254,GLASGOW,MO,39.22,-92.83
1443,64139,KANSAS CITY,MO,39.09,-94.58
1432,64835,CARTERVILLE,MO,37.15,-94.43
1430,64648,JAMESPORT,MO,39.97,-93.80
1419,64740,DEEPWATER,MO,38.25,-93.77
1415,64439,DEARBORN,MO,39.52,-94.77
1398,65326,EDWARDS,MO,38.13,-93.16
1369,65617,BRIGHTON,MO,37.45,-93.34
1366,65274,NEW FRANKLIN,MO,39.01,-92.74
1351,63344,EOLIA,MO,39.23,-91.01
1338,65257,HIGBEE,MO,39.30,-92.51
1334,64470,MOUND CITY,MO,40.13,-95.23
1333,64084,RAYVILLE,MO,39.34,-94.06
1323,63363,NEW FLORENCE,MO,38.90,-91.44
1316,63448,LA GRANGE,MO,40.03,-91.52
1314,63462,PERRY,MO,39.43,-91.66
1314,64463,KING CITY,MO,40.05,-94.52
1314,65624,CAPE FAIR,MO,36.72,-93.51
1311,65072,ROCKY MOUNT,MO,38.27,-92.71
1309,64762,LIBERAL,MO,37.55,-94.51
1304,65276,PILOT GROVE,MO,38.87,-92.91
1303,64624,BRAYMER,MO,39.59,-93.79
1301,65787,ROACH,MO,37.99,-92.83
1297,65053,LOHMAN,MO,38.54,-92.36
1296,64473,OREGON,MO,39.98,-95.14
1291,64401,AGENCY,MO,39.65,-94.74
1269,65535,LEASBURG,MO,38.09,-91.29
1267,63332,AUGUSTA,MO,38.57,-90.88
1262,63546,GREENTOP,MO,40.35,-92.56
1261,63437,CLARENCE,MO,39.74,-92.26
1260,64863,SOUTH WEST CITY,MO,36.52,-94.60
1244,65466,EMINENCE,MO,37.14,-91.35
1243,65332,GREEN RIDGE,MO,38.62,-93.40
1237,64668,NORBORNE,MO,39.30,-93.67
1230,64746,FREEMAN,MO,38.61,-94.50
1229,65626,CAULFIELD,MO,36.61,-92.10
1224,65462,EDGAR SPRINGS,MO,37.70,-91.86
1222,65668,HERMITAGE,MO,37.94,-93.32
1209,65649,FAIR PLAY,MO,37.63,-93.57
1206,64456,GRANT CITY,MO,40.48,-94.41
1203,63769,OAK RIDGE,MO,37.49,-89.72
1201,63862,LILBOURN,MO,36.59,-89.61
1190,64125,KANSAS CITY,MO,39.09,-94.58
1187,63091,ROSEBUD,MO,38.38,-91.40
1187,64784,SHELDON,MO,37.65,-94.29
1185,65739,RIDGEDALE,MO,36.50,-93.22
1179,63953,NAYLOR,MO,36.57,-90.60
1175,64097,WELLINGTON,MO,39.13,-93.98
1174,63944,GREENVILLE,MO,37.12,-90.44
1172,65239,CAIRO,MO,39.51,-92.44
1169,64748,GOLDEN CITY,MO,37.39,-94.09
1168,63359,MIDDLETOWN,MO,39.12,-91.41
1159,63648,IRONDALE,MO,37.83,-90.67
1155,63961,QULIN,MO,36.59,-90.24
1152,65085,WESTPHALIA,MO,38.44,-92.00
1145,65017,BRUMLEY,MO,38.08,-92.48
1144,64444,EDGERTON,MO,39.50,-94.63
1139,63846,ESSEX,MO,36.81,-89.86
1136,63440,EWING,MO,40.00,-91.71
1136,64761,LEETON,MO,38.58,-93.69
1124,65016,BONNOTS MILL,MO,38.57,-91.96
1119,64788,URICH,MO,38.45,-93.99
1118,63837,CLARKTON,MO,36.45,-89.96
1110,64146,KANSAS CITY,MO,39.09,-94.58
1106,65236,BRUNSWICK,MO,39.42,-93.12
1103,63766,MILLERSVILLE,MO,37.44,-89.80
1096,63559,NOVINGER,MO,40.23,-92.70
1093,64763,LOWRY CITY,MO,38.14,-93.72
1091,65612,BOIS D ARC,MO,37.21,-93.55
1090,63939,FAIRDEALING,MO,36.67,-90.64
1082,63532,BEVIER,MO,39.74,-92.56
1080,64088,SIBLEY,MO,39.17,-94.19
1078,65040,HENLEY,MO,38.37,-92.30
1072,63848,GIDEON,MO,36.45,-89.91
1065,65590,LONG LANE,MO,37.61,-92.90
1063,63655,MARQUAND,MO,37.42,-90.16
1055,65324,CLIMAX SPRINGS,MO,38.10,-93.05
1051,65348,OTTERVILLE,MO,38.70,-93.00
1045,63940,FISK,MO,36.78,-90.20
1044,63852,HOLCOMB,MO,36.40,-90.02
1036,63548,LANCASTER,MO,40.52,-92.53
1032,63469,SHELBYVILLE,MO,39.80,-92.03
1020,65591,MONTREAL,MO,37.96,-92.59
1016,64866,STARK CITY,MO,36.86,-94.18
1016,65692,KOSHKONONG,MO,36.59,-91.64
1015,63781,SEDGEWICKVILLE,MO,37.51,-89.90
1014,64867,STELLA,MO,36.76,-94.19
1002,63102,SAINT LOUIS,MO,38.63,-90.24
999,65771,WALNUT SHADE,MO,36.73,-93.19
991,64448,FAUCETT,MO,39.60,-94.81
990,63436,CENTER,MO,39.50,-91.52
989,63620,ANNAPOLIS,MO,37.35,-90.69
988,64484,RUSHVILLE,MO,39.58,-95.02
987,65046,JAMESTOWN,MO,38.76,-92.47
978,64443,EASTON,MO,39.72,-94.63
975,63621,ARCADIA,MO,37.58,-90.62
970,63932,BROSELEY,MO,36.70,-90.23
969,65047,KAISER,MO,38.13,-92.58
968,64446,FAIRFAX,MO,40.33,-95.39
966,63637,DOE RUN,MO,37.74,-90.50
964,63629,BUNKER,MO,37.45,-91.21
961,65761,THEODOSIA,MO,36.57,-92.66
960,65724,PITTSBURG,MO,37.83,-93.30
959,63336,CLARKSVILLE,MO,39.37,-90.90
958,65662,GROVESPRING,MO,37.39,-92.60
950,63662,PATTON,MO,37.41,-90.06
948,63441,FRANKFORD,MO,39.49,-91.32
947,65710,MORRISVILLE,MO,37.48,-93.42
945,63823,BERTRAND,MO,36.90,-89.44
943,65650,FLEMINGTON,MO,37.80,-93.49
938,65058,META,MO,38.31,-92.16
934,63945,HARVIELL,MO,36.68,-90.57
933,63751,GLENALLEN,MO,37.31,-90.02
929,65641,EAGLE ROCK,MO,36.54,-93.75
923,65024,CHAMOIS,MO,38.67,-91.77
920,64859,REEDS,MO,37.11,-94.16
918,63452,LEWISTOWN,MO,40.08,-91.81
918,65759,TANEYVILLE,MO,36.73,-93.03
914,63352,LADDONIA,MO,39.24,-91.64
913,65567,STOUTLAND,MO,37.81,-92.51
909,63561,QUEEN CITY,MO,40.41,-92.57
909,65534,LAQUEY,MO,37.77,-92.30
895,64861,ROCKY COMFORT,MO,36.74,-94.09
894,64096,WAVERLY,MO,39.20,-93.51
890,64733,CHILHOWEE,MO,38.58,-93.85
888,64481,RIDGEWAY,MO,40.37,-93.93
886,65261,KEYTESVILLE,MO,39.43,-92.93
878,63545,GREEN CITY,MO,40.26,-92.95
878,65764,TUNAS,MO,37.84,-93.02
871,64494,UNION STAR,MO,39.97,-94.59
871,65658,GOLDEN,MO,36.52,-93.65
867,64770,MONTROSE,MO,38.25,-93.98
863,63785,WHITEWATER,MO,37.23,-89.79
863,64739,CREIGHTON,MO,38.49,-94.07
862,65082,TUSCUMBIA,MO,38.23,-92.45
849,64738,COLLINS,MO,37.89,-93.62
845,65680,KISSEE MILLS,MO,36.68,-93.04
839,64643,HALE,MO,39.60,-93.34
837,65080,TEBBETTS,MO,38.62,-91.96
837,64670,PATTONSBURG,MO,40.04,-94.13
832,63087,VALLES MINES,MO,38.00,-90.45
821,63954,NEELYVILLE,MO,36.55,-90.51
821,63653,LEADWOOD,MO,37.86,-90.58
815,63454,MAYWOOD,MO,39.95,-91.60
811,63748,FROHNA,MO,37.63,-89.62
805,63071,RICHWOODS,MO,38.16,-90.83
805,65637,DORA,MO,36.77,-92.21
804,64873,WENTWORTH,MO,36.99,-94.07
803,65754,SPOKANE,MO,36.86,-93.29
802,63447,LA BELLE,MO,40.11,-91.91
801,63036,FRENCH VILLAGE,MO,37.97,-90.38
798,63855,HORNERSVILLE,MO,36.04,-90.11
797,65463,ELDRIDGE,MO,37.82,-92.74
794,64018,CAMDEN POINT,MO,39.45,-94.74
793,65470,FALCON,MO,37.60,-92.37
790,63039,GRAY SUMMIT,MO,38.49,-90.81
785,64659,MEADVILLE,MO,39.78,-93.30
782,65054,LOOSE CREEK,MO,38.50,-91.95
782,63829,CARDWELL,MO,36.04,-90.29
781,65237,BUNCETON,MO,38.78,-92.79
781,64035,HARDIN,MO,39.26,-93.83
779,63339,CURRYVILLE,MO,39.34,-91.34
779,63867,MATTHEWS,MO,36.75,-89.58
779,64421,AMAZONIA,MO,39.88,-94.89
776,65555,RAYMONDVILLE,MO,37.33,-91.83
765,63732,ALTENBURG,MO,37.63,-89.58
763,63530,ATLANTA,MO,39.89,-92.47
762,64631,BUCKLIN,MO,39.78,-92.88
755,65262,KINGDOM CITY,MO,38.94,-91.93
748,65334,HUGHESVILLE,MO,38.83,-93.29
747,64428,BURLINGTON JUNCTION,MO,40.45,-95.06
745,65444,BUCYRUS,MO,37.34,-92.01
740,65059,MOKANE,MO,38.67,-91.87
740,63956,PATTERSON,MO,37.21,-90.57
740,64461,HOPKINS,MO,40.55,-94.81
736,64649,KIDDER,MO,39.78,-94.10
731,63622,BELGRADE,MO,37.78,-90.84
730,65323,CALHOUN,MO,38.46,-93.62
729,63626,BLACKWELL,MO,38.04,-90.62
726,65566,VIBURNUM,MO,37.71,-91.12
724,64479,RAVENWOOD,MO,40.35,-94.67
724,64474,OSBORN,MO,39.75,-94.35
714,64071,MAYVIEW,MO,39.05,-93.83
710,65264,MARTINSBURG,MO,39.10,-91.64
709,65774,WEAUBLEAU,MO,37.89,-93.54
701,65732,PRESTON,MO,37.94,-93.21
700,64642,GILMAN CITY,MO,40.13,-93.87
696,65075,SAINT ELIZABETH,MO,38.25,-92.26
694,64430,CLARKSDALE,MO,39.81,-94.55
687,63014,BERGER,MO,38.67,-91.33
686,64436,COSBY,MO,39.86,-94.67
683,63870,PARMA,MO,36.61,-89.81
679,63533,BRASHEAR,MO,40.14,-92.37
676,64661,MERCER,MO,40.51,-93.52
665,65580,VICHY,MO,38.11,-91.76
662,63936,DUDLEY,MO,36.78,-90.09
660,65333,HOUSTONIA,MO,38.89,-93.35
657,65685,LOUISBURG,MO,37.75,-93.13
655,64487,SKIDMORE,MO,40.28,-95.07
653,65601,ALDRICH,MO,37.54,-93.55
651,64790,WALKER,MO,37.89,-94.23
650,63534,CALLAO,MO,39.76,-92.62
650,64440,DE KALB,MO,39.58,-94.92
645,64437,CRAIG,MO,40.19,-95.37
641,64767,MILO,MO,37.75,-94.30
640,63544,GREEN CASTLE,MO,40.26,-92.87
639,64423,BARNARD,MO,40.17,-94.82
638,64074,NAPOLEON,MO,39.13,-94.08
632,63333,BELLFLOWER,MO,39.00,-91.35
631,63631,CALEDONIA,MO,37.76,-90.77
626,63388,WILLIAMSBURG,MO,38.91,-91.70
626,65025,CLARKSBURG,MO,38.66,-92.66
622,63558,NEW CAMBRIA,MO,39.77,-92.75
622,64842,FAIRVIEW,MO,36.81,-94.08
622,65609,BAKERSFIELD,MO,36.52,-92.14
620,64442,EAGLEVILLE,MO,40.46,-93.98
618,65068,PRAIRIE HOME,MO,38.81,-92.58
617,64752,HUME,MO,38.08,-94.58
615,63536,DOWNING,MO,40.48,-92.36
615,63623,BELLEVIEW,MO,37.68,-90.75
609,65061,MORRISON,MO,38.67,-91.63
605,63735,BELL CITY,MO,37.02,-89.81
604,65076,SAINT THOMAS,MO,38.36,-92.21
604,65790,POTTERSVILLE,MO,36.69,-92.03
601,65069,RHINELAND,MO,38.71,-91.51
600,65640,DUNNEGAN,MO,37.70,-93.57
597,64783,SCHELL CITY,MO,38.01,-94.11
594,64679,SPICKARD,MO,40.24,-93.59
586,63943,GRANDIN,MO,36.82,-90.82
584,64653,LINNEUS,MO,39.87,-93.18
575,63373,PORTAGE DES SIOUX,MO,38.92,-90.34
575,64001,ALMA,MO,39.09,-93.54
567,64021,CORDER,MO,39.09,-93.63
564,63879,WARDELL,MO,36.35,-89.81
564,64163,KANSAS CITY,MO,39.09,-94.58
561,63964,SILVA,MO,37.20,-90.43
558,64483,ROSENDALE,MO,40.04,-94.82
556,65230,ARMSTRONG,MO,39.26,-92.70
556,63821,ARBYRD,MO,36.05,-90.24
554,64632,CAINSVILLE,MO,40.44,-93.77
553,65285,THOMPSON,MO,39.18,-91.98
553,63654,LESTERVILLE,MO,37.45,-90.82
549,65339,MALTA BEND,MO,39.19,-93.36
542,65347,NELSON,MO,38.99,-93.03
539,64832,ASBURY,MO,37.27,-94.60
537,63463,PHILADELPHIA,MO,39.83,-91.73
536,65720,OLDFIELD,MO,36.97,-93.03
536,63760,LEOPOLD,MO,37.26,-89.91
531,64723,AMSTERDAM,MO,38.34,-94.58
530,64689,WINSTON,MO,39.86,-94.14
529,65250,FRANKLIN,MO,39.01,-92.75
529,65756,STOTTS CITY,MO,37.10,-93.94
529,64780,ROCKVILLE,MO,38.07,-94.08
527,63787,ZALMA,MO,37.14,-90.08
525,63471,TAYLOR,MO,39.93,-91.52
524,64625,BRECKENRIDGE,MO,39.76,-93.80
522,65634,CROSS TIMBERS,MO,38.02,-93.22
519,65260,JACKSONVILLE,MO,39.58,-92.47
519,64650,KINGSTON,MO,39.64,-94.03
512,63446,KNOX CITY,MO,40.14,-92.01
512,63827,BRAGG CITY,MO,36.26,-89.91
507,64637,COWGILL,MO,39.56,-93.92
506,65322,BLACKWATER,MO,38.97,-92.99
506,64623,BOSWORTH,MO,39.46,-93.33
501,64622,BOGARD,MO,39.45,-93.52
500,63430,ALEXANDRIA,MO,40.35,-91.45
500,64848,LA RUSSELL,MO,37.14,-94.06
497,65629,CHADWICK,MO,36.92,-93.05
497,64728,BRONAUGH,MO,37.69,-94.46
496,64427,BOLCKOW,MO,40.11,-94.82
494,65354,SYRACUSE,MO,38.66,-92.87
494,65064,OLEAN,MO,38.41,-92.53
491,65760,TECUMSEH,MO,36.58,-92.28
486,64466,MAITLAND,MO,40.20,-95.07
484,63386,WEST ALTON,MO,38.86,-90.22
484,64756,JERICO SPRINGS,MO,37.61,-94.01
483,64641,GALT,MO,40.12,-93.38
480,64497,WEATHERBY,MO,39.90,-94.24
479,63434,BETHEL,MO,39.87,-92.02
475,64651,LACLEDE,MO,39.78,-93.16
472,64493,TURNEY,MO,39.63,-94.32
465,65247,EXCELLO,MO,39.63,-92.48
465,64688,WHEELING,MO,39.78,-93.38
462,64630,BROWNING,MO,40.03,-93.16
459,65034,FORTUNA,MO,38.57,-92.77
