11.92925,C619,8140,3,144,144,144
0.88118,C341,8140,3,3,3,3
0.85516,C341,8070,3,3,3,3
0.78655,C187,8140,3,4,4,5
0.74640,C209,8140,3,7,7,5
0.62550,C649,8312,3,11,11,11
0.61496,C220,8170,3,21,21,21
0.55814,C421,9732,3,8,8,9
0.49288,C421,9823,3,13,13,14
0.45899,C180,8140,3,4,4,5
0.45703,C649,8310,3,11,11,11
0.40882,C343,8070,3,3,3,3
0.40681,C679,8130,3,24,24,24
0.38767,C343,8140,3,3,3,3
0.38058,C679,8130,2,24,24,24
0.36759,C199,8140,3,7,7,5
0.35925,C445,8720,3,19,19,19
0.35813,C182,8140,3,4,4,5
0.33225,C619,8010,3,144,144,144
0.32663,C349,8140,3,3,3,3
0.32625,C341,8010,3,3,3,3
0.31843,C250,8140,3,15,15,16
0.29872,C679,8120,3,24,24,24
0.29523,C341,8041,3,3,3,3
0.29269,C809,8140,3,12,,12
0.29140,C320,8070,3,41,41,41
0.26946,C349,8010,3,3,3,3
0.26910,C445,8743,3,19,19,19
0.25195,C672,8130,2,24,24,24
0.24721,C421,9861,3,13,13,20
0.23247,C349,8000,3,3,3,3
0.22868,C160,8140,3,33,33,33
0.22358,C341,8046,3,3,3,3
0.22261,C155,8140,3,37,37,33
0.22105,C445,8720,2,19,19,19
0.21755,C184,8140,3,4,4,5
0.21368,C809,8010,3,12,,12
0.21291,C619,8000,3,144,144,144
0.20518,C446,8720,3,19,19,19
0.19793,C349,8070,3,3,3,3
0.18596,C629,9061,3,145,145,145
0.17783,C341,8012,3,3,3,3
0.17420,C443,8742,2,19,19,19
0.17185,C672,8130,3,24,24,24
0.17094,C186,8140,3,4,4,5
0.16868,C809,8000,3,12,,12
0.16167,C349,8041,3,3,3,3
0.15598,C778,9680,3,23,23,23
0.15428,C019,8070,3,39,39,40
0.15105,C321,8070,3,29,29,29
0.14773,C739,8260,3,10,10,10
0.14329,C446,8720,2,19,19,19
0.13725,C343,8010,3,3,3,3
0.13484,C446,8743,3,19,19,19
0.13285,C421,9989,3,13,13,20
0.13209,C619,8550,3,144,144,144
0.13197,C421,9863,3,13,13,20
0.12885,C259,8140,3,27,27,16
0.12801,C449,9140,3,98,98,98
0.12673,C343,8041,3,3,3,3
0.12589,C187,8210,3,4,4,5
0.12245,C183,8140,3,4,4,5
0.11908,C099,8070,3,45,45,40
0.11726,C678,8130,3,24,24,24
0.11644,C421,9835,3,13,,
0.11096,C340,8070,3,3,3,3
0.10840,C443,8720,2,19,19,19
0.10803,C809,8070,3,12,,12
0.10669,C001,8070,3,66,66,67
0.10500,C649,8260,3,11,11,11
0.10475,C674,8130,2,24,24,24
0.10397,C185,8140,3,4,4,5
0.10381,C169,8140,3,28,28,28
0.10342,C672,8120,3,24,24,24
0.10338,C751,8272,0,25,25,25
0.10065,C700,9530,0,18,18,18
0.09557,C343,8046,3,3,3,3
0.09478,C678,8120,3,24,24,24
0.09413,C449,8720,3,19,19,19
0.09228,C163,8140,3,28,28,28
0.09193,C739,8340,3,10,10,10
0.08867,C187,8263,3,4,4,5
0.08840,C384,9050,3,56,56,57
0.08733,C250,8010,3,15,15,16
0.08702,C443,8720,3,19,19,19
0.08577,C447,8720,3,19,19,19
0.08562,C678,8130,2,24,24,24
0.08538,C621,9061,3,145,145,145
0.08470,C341,8000,3,3,3,3
0.08325,C444,8720,3,19,19,19
0.08029,C778,9663,3,23,23,23
0.07926,C779,9680,3,23,23,23
0.07725,C341,8042,3,3,3,3
0.07721,C712,9440,3,18,18,18
0.07592,C739,8050,3,10,10,10
0.07581,C154,8070,3,37,37,38
0.07532,C711,9440,3,18,18,18
0.07075,C209,8263,3,7,7,5
0.07066,C342,8140,3,3,3,3
0.07021,C252,8140,3,30,30,16
0.07011,C674,8130,3,24,24,24
0.07004,C349,8046,3,3,3,3
0.06855,C189,8140,3,4,4,5
0.06850,C670,8130,2,24,24,24
0.06794,C343,8012,3,3,3,3
0.06719,C341,8250,3,3,3,3
0.06709,C340,8041,3,3,3,3
0.06691,C209,8210,3,7,7,5
0.06587,C676,8130,2,24,24,24
0.06523,C129,8070,3,73,73,73
0.06506,C259,8010,3,27,27,16
0.06477,C155,8070,3,37,37,38
0.06345,C251,8140,3,30,30,16
0.06155,C679,8120,2,24,24,24
0.06093,C341,8071,3,3,3,3
0.06020,C180,8480,3,4,4,5
0.05971,C342,8070,3,3,3,3
0.05928,C444,8720,2,19,19,19
0.05909,C209,8240,3,31,31,32
0.05877,C421,9950,3,13,13,20
0.05846,C779,9590,3,23,23,23
0.05824,C445,8721,3,19,19,19
0.05761,C718,9440,3,18,18,18
0.05756,C259,8000,3,27,27,16
0.05666,C349,8012,3,3,3,3
0.05634,C629,9085,3,145,145,145
0.05597,C320,8071,3,41,41,41
0.05496,C447,8743,3,19,19,19
0.05489,C446,8742,2,19,19,19
0.05389,C713,9440,3,18,18,18
0.05386,C189,8000,3,4,4,5
0.05329,C444,8742,2,19,19,19
0.05312,C447,9140,3,98,98,98
0.05235,C049,8070,3,52,52,52
0.05231,C659,8130,3,44,44,44
0.05216,C340,8140,3,3,3,3
0.05213,C165,8140,3,28,28,28
0.05159,C445,8742,2,19,19,19
0.04917,C443,8742,3,19,19,19
0.04877,C239,8140,3,26,26,26
0.04862,C674,8120,3,24,24,24
0.04846,C349,8042,3,3,3,3
0.04818,C209,8261,3,7,7,5
0.04815,C770,9680,3,23,23,23
0.04759,C258,8140,3,27,27,16
0.04749,C778,9670,3,23,,
0.04731,C659,8120,3,44,44,44
0.04711,C779,9591,3,23,23,20
0.04646,C221,8160,3,35,35,35
0.04603,C629,9070,3,145,145,145
0.04581,C670,8130,3,24,24,24
0.04576,C724,9560,0,34,34,34
0.04532,C180,8263,3,4,4,5
0.04489,C421,9940,3,13,13,20
0.04478,C772,9680,3,23,23,23
0.04452,C341,8560,3,3,3,3
0.04395,C182,8480,3,4,4,5
0.04353,C187,8480,3,4,4,5
0.04319,C329,8070,3,83,83,83
0.04296,C240,8140,3,43,43,43
0.04246,C187,8210,2,4,4,5
0.04222,C187,8261,3,4,4,5
0.04219,C209,8480,3,7,7,5
0.04217,C444,8743,3,19,19,19
0.04207,C029,8070,3,51,51,51
0.04155,C778,9695,3,23,23,23
0.04132,C778,9591,3,23,23,20
0.04122,C447,8720,2,19,19,19
0.04083,C189,8010,3,4,4,5
0.04083,C168,8140,3,28,28,28
0.04052,C343,8250,3,3,3,3
0.04042,C421,9801,3,13,13,20
0.04041,C343,8000,3,3,3,3
0.03952,C442,8720,3,19,19,19
0.03938,C250,8500,3,15,15,16
0.03911,C340,8010,3,3,3,3
0.03900,C676,8130,3,24,24,24
0.03831,C241,8140,3,46,46,46
0.03813,C446,8721,3,19,19,19
0.03766,C670,8120,3,24,24,24
0.03709,C621,9085,3,145,145,145
0.03699,C442,8742,2,19,19,19
0.03680,C090,8070,3,45,45,40
0.03605,C421,9945,3,13,13,20
0.03577,C443,8743,3,19,19,19
0.03519,C421,9962,3,13,13,20
0.03506,C421,9867,3,13,13,20
0.03439,C187,8263,2,4,4,5
0.03431,C421,9983,3,13,13,20
0.03431,C421,9836,3,13,,
0.03412,C162,8140,3,33,33,28
0.03378,C671,8130,3,24,24,24
0.03362,C778,9691,3,23,23,23
0.03285,C669,8130,3,44,44,44
0.03284,C348,8070,3,3,3,3
0.03269,C421,9800,3,13,13,20
0.03228,C320,8070,2,41,41,41
0.03223,C778,9673,3,23,23,23
0.03221,C669,8120,3,44,44,44
0.03204,C671,8120,3,24,24,24
0.03177,C649,8317,3,11,11,11
0.03177,C343,8042,3,3,3,3
0.03168,C675,8130,2,24,24,24
0.03157,C182,8263,3,4,4,5
0.03152,C445,8743,2,19,19,19
0.03141,C180,8261,3,4,4,5
0.03117,C021,8070,3,51,51,51
0.03111,C343,8071,3,3,3,3
0.03063,C693,8720,3,49,49,50
0.03058,C384,9052,3,56,56,57
0.03041,C675,8130,3,24,24,24
0.03022,C220,8000,3,21,21,21
0.03010,C420,9761,3,13,13,60
0.03006,C180,8481,3,4,4,5
0.02986,C671,8130,2,24,24,24
0.02981,C159,8070,3,37,37,38
0.02957,C442,8720,2,19,19,19
0.02942,C040,8070,3,52,52,52
0.02929,C509,8500,3,1,1,1
0.02892,C172,8240,3,47,47,48
0.02883,C739,8330,3,10,10,10
0.02868,C051,8070,3,74,74,40
0.02850,C250,8000,3,15,15,16
0.02838,C210,8070,3,42,42,42
0.02827,C779,9670,3,23,,
0.02820,C770,9663,3,23,23,23
0.02759,C778,9652,3,23,23,23
0.02743,C170,8140,3,53,53,53
0.02738,C449,9700,3,65,65,65
0.02729,C199,8210,3,7,7,5
0.02716,C342,8041,3,3,3,3
0.02708,C675,8120,3,24,24,24
0.02697,C153,8070,3,37,37,38
0.02695,C159,8140,3,37,37,33
0.02685,C649,8010,3,11,11,11
0.02674,C809,8246,3,12,,12
0.02641,C211,8077,2,42,42,42
0.02628,C679,8000,3,24,24,24
0.02618,C062,8070,3,69,69,70
0.02616,C240,8160,3,43,43,43
0.02599,C679,8010,3,24,24,24
0.02577,C421,9891,3,13,13,20
0.02573,C348,8140,3,3,3,3
0.02552,C649,8000,3,11,11,11
0.02544,C160,8490,3,33,33,33
0.02537,C161,8140,3,33,33,28
0.02533,C182,8210,3,4,4,5
0.02531,C342,8010,3,3,3,3
0.02529,C719,9440,3,18,18,18
0.02525,C649,8140,3,11,11,11
0.02491,C778,9590,3,23,23,23
0.02482,C119,8070,3,86,86,86
0.02475,C079,8070,3,54,54,55
0.02471,C199,8263,3,7,7,5
0.02463,C023,8070,3,51,51,51
0.02450,C672,8120,2,24,24,24
0.02447,C421,9980,3,13,13,20
0.02443,C180,8210,3,4,4,5
0.02440,C445,8742,3,19,19,19
0.02365,C188,8140,3,4,4,5
0.02361,C421,9866,3,13,13,20
0.02355,C220,8010,3,21,21,21
0.02355,C186,8210,3,4,4,5
0.02326,C609,8070,3,146,146,146
0.02325,C209,8263,2,7,7,5
0.02321,C809,8041,3,12,,12
0.02319,C446,8742,3,19,19,19
0.02310,C079,8430,3,54,54,55
0.02308,C163,8490,3,28,28,28
0.02290,C209,8010,3,7,7,5
0.02272,C341,8020,3,3,3,3
0.02268,C444,8742,3,19,19,19
0.02259,C184,8480,3,4,4,5
0.02257,C778,9690,3,23,23,23
0.02252,C169,8490,3,28,28,28
0.02244,C341,8246,3,3,3,3
0.02241,C140,8070,3,89,89,89
0.02235,C778,9650,3,23,23,23
0.02232,C187,8481,3,4,4,5
0.02196,C139,8070,3,73,73,73
0.02162,C211,8070,3,42,42,42
0.02160,C166,8140,3,28,28,28
0.02152,C629,9081,3,145,145,145
0.02145,C209,8210,2,7,7,5
0.02145,C169,8010,3,28,28,28
0.02129,C341,8072,3,3,3,3
0.02128,C179,8240,3,47,47,48
0.02125,C341,8481,3,3,3,3
0.02105,C659,8130,2,44,44,44
0.02104,C321,8071,3,29,29,29
0.02087,C501,8500,3,1,1,1
0.02069,C343,8560,3,3,3,3
0.02058,C340,8046,3,3,3,3
0.02054,C669,8130,2,44,44,44
0.02050,C182,8481,3,4,4,5
0.02047,C492,8830,3,58,58,59
0.02040,C778,9698,3,23,23,23
0.02011,C269,8140,3,68,,68
0.01995,C446,8743,2,19,19,19
0.01992,C154,8140,3,37,37,33
0.01960,C446,9140,3,98,98,98
0.01953,C421,9860,3,13,13,20
0.01949,C019,8071,3,39,39,40
0.01935,C209,8481,3,7,7,5
0.01896,C711,9400,3,18,18,18
0.01896,C421,9982,3,13,13,20
0.01890,C421,9875,3,13,13,20
0.01855,C340,8042,3,3,3,3
0.01844,C676,8120,3,24,24,24
0.01839,C199,8480,3,7,7,5
0.01837,C109,8070,3,45,45,40
0.01828,C164,8140,3,28,28,28
0.01816,C444,8721,3,19,19,19
0.01793,C771,9680,3,23,23,23
0.01789,C442,8743,3,19,19,19
0.01784,C649,8255,3,11,11,11
0.01763,C770,9652,3,23,23,23
0.01752,C031,8070,3,69,69,70
0.01751,C091,8070,3,45,45,40
0.01746,C719,8000,3,18,18,18
0.01744,C184,8210,3,4,4,5
0.01743,C187,8010,3,4,4,5
0.01735,C022,8070,3,51,51,51
0.01723,C809,8481,3,12,,12
0.01720,C199,8261,3,7,7,5
0.01714,C421,9895,3,13,13,20
0.01704,C421,9961,3,13,13,20
0.01694,C182,8261,3,4,4,5
0.01692,C609,8070,2,146,146,146
0.01690,C220,8140,3,21,21,21
0.01681,C774,9680,3,23,23,23
0.01674,C673,8130,3,24,24,24
0.01664,C328,8070,3,83,83,83
0.01657,C349,8250,3,3,3,3
0.01641,C649,8960,3,11,11,61
0.01640,C060,8070,3,71,71,71
0.01635,C601,8070,3,146,146,146
0.01634,C342,8046,3,3,3,3
0.01633,C673,8120,3,24,24,24
0.01623,C421,9960,3,13,,
0.01619,C421,9985,3,13,13,20
0.01617,C673,8130,2,24,24,24
0.01597,C340,8012,3,3,3,3
0.01592,C442,8742,3,19,19,19
0.01588,C770,9670,3,23,,
0.01577,C709,9530,0,34,34,34
0.01574,C778,9684,3,23,,
0.01573,C343,8240,3,3,3,3
0.01569,C779,9650,3,23,23,23
0.01562,C169,9680,3,23,23,23
0.01546,C300,8070,3,92,92,93
0.01545,C712,9400,3,18,18,18
0.01543,C621,9070,3,145,145,145
0.01540,C163,8144,3,28,28,28
0.01536,C169,8000,3,28,28,28
0.01525,C443,8721,3,19,19,19
0.01518,C186,8263,3,4,4,5
0.01503,C402,9180,3,80,80,81
0.01502,C649,8320,3,11,11,11
0.01501,C170,8240,3,47,47,75
0.01493,C447,8721,3,19,19,19
0.01486,C770,9591,3,23,23,20
0.01485,C711,9450,3,18,18,18
0.01462,C187,8261,2,4,4,5
0.01461,C445,8832,3,62,62,63
0.01454,C341,8480,3,3,3,3
0.01453,C773,9680,3,23,23,23
0.01442,C099,8071,3,45,45,40
0.01436,C674,8120,2,24,24,24
0.01434,C341,8260,3,3,3,3
0.01431,C770,9695,3,23,23,23
0.01428,C209,8261,2,7,7,5
0.01427,C349,8020,3,3,3,3
0.01420,C714,9440,3,18,18,18
0.01419,C716,9470,3,18,18,18
0.01417,C183,8480,3,4,4,5
0.01404,C779,9673,3,23,23,23
0.01387,C210,8077,2,42,42,42
0.01386,C739,8290,3,10,10,10
0.01361,C004,8070,3,66,66,123
0.01356,C348,8041,3,3,3,3
0.01353,C421,9811,3,13,13,20
0.01353,C220,8160,3,35,35,21
0.01350,C710,9440,3,18,18,18
0.01344,C772,9591,3,23,23,20
0.01340,C809,8020,3,12,,12
0.01329,C252,8010,3,30,30,16
0.01323,C760,8070,3,12,,12
0.01321,C184,8263,3,4,4,5
0.01320,C809,8480,3,12,,12
0.01316,C445,9140,3,98,98,98
0.01313,C809,8012,3,12,,12
0.01295,C341,8240,3,3,3,3
0.01293,C770,9691,3,23,23,23
0.01293,C342,8012,3,3,3,3
0.01291,C186,8480,3,4,4,5
0.01287,C649,8120,3,11,11,11
0.01287,C150,8070,3,37,37,38
0.01283,C310,8070,3,99,99,100
0.01283,C181,8480,3,72,72,72
0.01275,C779,9663,3,23,23,23
0.01269,C151,8070,3,37,37,38
0.01262,C119,8010,3,86,86,86
0.01257,C180,8010,3,4,4,5
0.01248,C168,8490,3,28,28,28
0.01246,C158,8070,3,37,37,38
0.01244,C155,8010,3,37,37,33
0.01238,C421,9874,3,13,13,20
0.01237,C649,8318,3,11,11,11
0.01236,C099,8072,3,45,45,40
0.01221,C343,8480,3,3,3,3
0.01218,C718,9400,3,18,18,18
0.01211,C349,8246,3,3,3,3
0.01210,C180,8263,2,4,4,5
0.01207,C159,8010,3,37,37,33
0.01205,C779,9690,3,23,23,23
0.01202,C443,8247,3,90,90,90
0.01197,C379,8580,3,84,,85
0.01187,C019,8072,3,39,39,40
0.01170,C778,9675,3,23,,
0.01166,C159,8000,3,37,37,33
0.01164,C384,9051,3,56,56,57
0.01161,C680,8120,3,125,125,125
0.01158,C343,8246,3,3,3,3
0.01146,C349,8071,3,3,3,3
0.01144,C779,9699,3,23,23,23
0.01134,C181,8140,3,72,72,72
0.01131,C155,8490,3,37,37,33
0.01128,C771,9663,3,23,23,23
0.01125,C711,9401,3,18,18,18
0.01123,C778,9699,3,23,23,23
0.01121,C340,8000,3,3,3,3
0.01119,C251,8010,3,30,30,16
0.01115,C250,8480,3,15,15,16
0.01112,C343,8481,3,3,3,3
0.01110,C079,8140,3,54,54,55
0.01109,C678,8120,2,24,24,24
0.01109,C446,8247,3,90,90,90
0.01108,C809,8046,3,12,,12
0.01101,C158,8140,3,37,37,33
0.01099,C713,9400,3,18,18,18
0.01098,C778,9687,3,23,23,23
0.01085,C774,9695,3,23,23,23
0.01080,C717,9380,3,18,18,18
0.01075,C341,8255,3,3,3,3
0.01072,C609,8081,2,146,146,146
0.01064,C739,8341,3,10,10,10
0.01063,C778,9702,3,23,23,23
0.01050,C679,8050,3,24,24,24
0.01049,C619,8500,3,144,144,144
0.01046,C772,9590,3,23,23,23
0.01045,C447,8744,3,19,19,19
0.01044,C199,8481,3,7,7,5
0.01044,C184,8481,3,4,4,5
0.01040,C809,8240,3,12,,12
0.01039,C343,8072,3,3,3,3
0.01032,C182,8263,2,4,4,5
0.01029,C165,8490,3,28,28,28
0.01027,C491,8830,3,58,58,59
0.01024,C809,8071,3,12,,12
0.01024,C690,8070,2,128,128,128
0.01020,C343,8260,3,3,3,3
0.01016,C679,8070,3,24,24,24
0.01014,C629,9680,3,23,23,23
0.01014,C421,9873,3,13,13,20
0.01013,C492,8852,3,58,58,59
0.01009,C779,9695,3,23,23,23
0.01009,C445,9700,3,65,65,65
0.01008,C209,8000,3,7,7,5
0.00998,C001,8071,3,66,66,67
0.00995,C421,9820,3,13,13,20
0.00991,C349,8481,3,3,3,3
0.00982,C041,8070,3,52,52,52
0.00975,C079,8550,3,54,54,55
0.00967,C700,9531,0,18,18,18
0.00966,C258,8010,3,27,27,16
0.00964,C186,8210,2,4,4,5
0.00964,C182,8010,3,4,4,5
0.00960,C719,9400,3,18,18,18
0.00958,C160,8144,3,33,33,33
0.00947,C492,8890,3,58,58,59
0.00946,C162,8490,3,33,33,28
0.00941,C182,8210,2,4,4,5
0.00940,C720,9391,3,34,34,34
0.00937,C749,9500,3,101,101,63
0.00936,C421,9840,3,13,13,20
0.00935,C772,9695,3,23,23,23
0.00933,C341,8044,3,3,3,3
0.00932,C169,9699,3,23,23,23
0.00929,C779,9671,3,23,23,60
0.00929,C340,8071,3,3,3,3
0.00910,C751,8140,0,25,25,25
0.00910,C341,8013,3,3,3,3
0.00905,C320,8010,2,41,41,41
0.00900,C774,9691,3,23,23,23
0.00899,C348,8010,3,3,3,3
0.00895,C649,8130,3,11,11,11
0.00890,C629,9062,3,145,145,61
0.00890,C099,9680,3,23,23,23
0.00888,C739,8510,3,10,10,79
0.00888,C049,8071,3,52,52,52
0.00882,C629,9101,3,145,145,145
0.00877,C770,9698,3,23,23,23
0.00875,C185,8480,3,4,4,5
0.00871,C129,8071,3,73,73,73
0.00869,C171,8140,3,53,53,53
0.00868,C770,9650,3,23,23,23
0.00868,C716,9421,3,18,18,18
0.00866,C180,8490,3,4,4,5
0.00864,C210,8070,2,42,42,42
0.00856,C421,9837,3,13,13,20
0.00856,C119,8072,3,86,86,86
0.00853,C770,9590,3,23,23,23
0.00853,C250,8481,3,15,15,16
0.00846,C343,8020,3,3,3,3
0.00846,C069,8070,3,111,111,111
0.00845,C629,9080,3,145,145,145
0.00843,C779,9691,3,23,23,23
0.00843,C028,8070,3,51,51,51
0.00840,C700,9530,3,18,18,18
0.00839,C692,9510,3,95,95,95
0.00837,C770,9690,3,23,23,23
0.00835,C412,9731,3,8,8,60
0.00830,C187,8140,2,4,4,5
0.00827,C446,8832,3,62,62,63
0.00819,C250,8246,3,15,15,16
0.00819,C209,8070,3,7,7,5
0.00818,C186,8261,3,4,4,5
0.00813,C443,9140,3,98,98,98
0.00807,C349,8560,3,3,3,3
0.00806,C712,9401,3,18,18,18
0.00803,C021,8071,3,51,51,51
0.00802,C778,9714,3,23,23,23
0.00799,C209,8490,3,7,7,5
0.00798,C183,8263,3,4,4,5
0.00796,C180,8210,2,4,4,5
0.00795,C444,8830,3,62,62,63
0.00793,C342,8042,3,3,3,3
0.00786,C009,8070,3,135,135,123
0.00783,C199,8210,2,7,7,5
0.00777,C711,9382,3,18,18,18
0.00777,C199,8010,3,7,7,5
0.00771,C184,8261,3,4,4,5
0.00768,C029,8071,3,51,51,51
0.00767,C619,8480,3,144,144,144
0.00767,C199,8263,2,7,7,5
0.00764,C183,8210,3,4,4,5
0.00757,C700,9539,1,18,18,18
0.00756,C442,8721,3,19,19,19
0.00754,C779,9687,3,23,23,23
0.00745,C249,8140,3,91,,91
0.00745,C180,8240,3,88,88,32
0.00745,C160,8010,3,33,33,33
0.00744,C384,9053,3,56,56,57
0.00742,C772,9670,3,23,,
0.00741,C218,8140,3,42,42,42
0.00740,C448,9140,3,98,98,98
0.00739,C422,9689,3,23,23,23
0.00735,C079,8010,3,54,54,55
0.00733,C772,9690,3,23,23,23
0.00726,C679,8010,2,24,24,24
0.00725,C779,9684,3,23,,
0.00724,C148,8070,3,89,89,89
0.00723,C690,8070,3,128,128,128
0.00722,C342,8000,3,3,3,3
0.00719,C679,8140,3,24,24,24
0.00714,C600,8070,3,146,146,146
0.00705,C179,9680,3,23,23,23
0.00702,C322,8070,3,133,133,133
0.00697,C490,8830,3,58,58,127
0.00695,C670,8120,2,24,24,24
0.00695,C508,8500,3,1,1,1
0.00695,C132,8070,3,73,73,73
0.00693,C689,8120,3,126,,126
0.00693,C445,8723,3,19,19,19
0.00693,C209,8140,2,7,7,5
0.00688,C680,8130,2,125,125,125
0.00687,C619,8140,2,144,144,144
0.00687,C020,8070,3,51,51,51
0.00686,C100,8070,3,45,45,40
0.00685,C183,8481,3,4,4,5
0.00684,C421,9872,3,13,13,20
0.00680,C160,8070,3,33,33,28
0.00677,C000,8070,3,109,109,67
0.00673,C421,9975,3,13,13,20
0.00672,C221,8140,3,35,35,35
0.00672,C184,8210,2,4,4,5
0.00670,C186,8263,2,4,4,5
0.00668,C252,8246,3,30,30,16
0.00667,C680,8130,3,125,125,125
0.00665,C160,8480,3,33,33,33
0.00663,C447,9700,3,65,65,65
0.00662,C739,8345,3,10,10,79
0.00661,C719,9590,3,23,23,18
0.00659,C421,9591,3,23,23,20
0.00657,C492,8800,3,58,58,59
0.00655,C179,8140,3,53,53,53
0.00654,C349,8001,3,3,3,3
0.00653,C180,8261,2,4,4,5
0.00653,C119,8082,3,86,86,86
0.00652,C349,8480,3,3,3,3
0.00652,C169,8936,3,106,106,107
0.00647,C341,8021,3,3,3,3
0.00647,C329,8010,3,83,83,83
0.00646,C240,8010,3,43,43,43
0.00646,C030,8070,3,97,97,70
0.00644,C163,9680,3,23,23,23
0.00640,C341,8001,3,3,3,3
0.00639,C443,8410,3,62,62,67
0.00639,C422,9680,3,23,23,23
0.00638,C779,9652,3,23,23,23
0.00638,C620,9061,3,145,145,145
0.00636,C725,9560,0,34,34,34
0.00632,C504,8500,3,1,1,1
0.00629,C329,8000,3,83,83,83
0.00627,C218,8070,3,42,42,42
0.00627,C187,8010,2,4,4,5
0.00626,C809,8490,3,12,,12
0.00625,C342,8250,3,3,3,3
0.00625,C341,8045,3,3,3,3
0.00624,C492,8851,3,58,58,59
0.00622,C719,9680,3,23,23,18
0.00621,C186,8481,3,4,4,5
0.00621,C165,8144,3,28,28,28
0.00621,C023,8071,3,51,51,51
0.00618,C209,8010,2,7,7,5
0.00616,C447,8832,3,62,62,63
0.00616,C341,8550,3,3,3,3
0.00615,C718,9401,3,18,18,18
0.00614,C160,8481,3,33,33,33
0.00613,C348,8012,3,3,3,3
0.00612,C621,9081,3,145,145,145
0.00612,C349,8021,3,3,3,3
0.00612,C019,8083,3,39,39,40
0.00611,C187,8240,3,88,88,32
0.00611,C172,8140,3,53,53,53
0.00610,C482,9050,3,76,139,82
0.00610,C343,8255,3,3,3,3
0.00609,C154,8071,3,37,37,33
0.00608,C447,8743,2,19,19,19
0.00602,C712,9450,3,18,18,18
0.00602,C185,8210,3,4,4,5
0.00601,C619,8120,3,144,144,144
0.00599,C449,9709,3,23,23,114
0.00598,C774,9591,3,23,23,20
0.00597,C444,8745,3,19,19,19
0.00592,C402,9220,3,80,80,81
0.00590,C252,8500,3,30,30,16
0.00590,C162,8144,3,33,33,28
0.00588,C341,8031,3,3,3,3
0.00588,C187,8490,3,4,4,5
0.00586,C443,8743,2,19,19,19
0.00585,C739,8010,3,10,10,10
0.00581,C349,8260,3,3,3,3
0.00579,C711,9380,3,18,18,18
0.00577,C444,8247,3,90,90,90
0.00577,C182,8490,3,4,4,5
0.00574,C720,9560,0,34,34,63
0.00574,C180,9680,3,23,23,23
0.00571,C772,9691,3,23,23,23
0.00571,C342,8240,3,3,3,3
0.00570,C619,8041,3,144,144,144
0.00570,C184,8010,3,4,4,5
0.00567,C447,8247,3,90,90,90
0.00565,C329,8071,3,83,83,83
0.00564,C187,8000,3,4,4,5
0.00559,C119,8020,3,86,86,86
0.00558,C209,8246,3,31,31,5
0.00555,C779,9675,3,23,,
0.00555,C774,9690,3,23,23,23
0.00555,C713,9401,3,18,18,18
0.00555,C443,8745,3,19,19,19
0.00552,C739,8021,3,10,10,10
0.00549,C493,8830,3,58,58,61
0.00548,C778,9705,3,23,23,23
0.00547,C719,9380,3,18,18,18
0.00547,C421,9734,3,8,8,60
0.00547,C040,8071,3,52,52,52
0.00544,C445,8247,3,90,90,90
0.00543,C220,8970,3,21,21,61
0.00542,C220,9680,3,23,23,23
0.00541,C710,9400,3,18,18,18
0.00541,C050,8070,3,108,108,108
0.00540,C491,8890,3,58,58,59
0.00539,C778,9727,3,23,23,20
0.00539,C221,8162,3,35,35,35
0.00536,C259,8481,3,27,27,16
0.00535,C239,8010,3,26,26,26
0.00534,C079,8200,3,54,54,55
0.00531,C341,8310,3,3,3,3
0.00530,C184,8263,2,4,4,5
0.00527,C676,8120,2,24,24,24
0.00523,C680,8120,2,125,125,125
0.00523,C189,8480,3,4,4,5
0.00520,C669,8120,2,44,44,44
0.00520,C220,8180,3,35,35,21
0.00520,C169,8142,3,28,28,28
0.00519,C052,8070,3,74,74,40
0.00518,C181,8243,3,72,72,72
0.00516,C770,9651,3,23,23,23
0.00516,C252,8000,3,30,30,16
0.00516,C062,8071,3,69,69,70
0.00514,C131,8070,3,73,73,73
0.00512,C649,8316,3,11,11,11
0.00512,C480,8890,3,82,82,82
0.00512,C441,8742,2,19,19,19
0.00510,C809,8021,3,12,,12
0.00510,C773,9670,3,23,,
0.00509,C711,9680,3,23,23,18
0.00509,C185,8263,3,4,4,5
0.00507,C779,9698,3,23,23,23
0.00507,C445,8772,3,19,19,19
0.00506,C779,9702,3,23,23,23
0.00505,C446,8772,3,19,19,19
0.00504,C671,8120,2,24,24,24
0.00502,C444,8743,2,19,19,19
0.00498,C770,9673,3,23,23,23
0.00498,C414,9220,3,80,80,122
0.00497,C172,8246,3,47,47,53
0.00496,C718,9380,3,18,18,18
0.00496,C320,8051,3,41,41,41
0.00495,C770,9675,3,23,,
0.00494,C693,8770,3,49,49,50
0.00494,C172,9680,3,23,23,23
0.00494,C169,8144,3,28,28,28
0.00494,C099,8083,3,45,45,40
0.00493,C251,8500,3,30,30,16
0.00491,C186,8010,3,4,4,5
0.00489,C712,9380,3,18,18,18
0.00488,C629,9071,3,145,145,145
0.00488,C348,8046,3,3,3,3
0.00488,C189,8210,3,4,4,5
0.00487,C749,8370,3,101,101,101
0.00487,C185,8481,3,4,4,5
0.00485,C716,9161,1,18,18,63
0.00485,C001,8070,2,66,66,67
0.00482,C679,8050,2,24,24,24
0.00481,C809,8260,3,12,,12
0.00481,C773,9663,3,23,23,23
0.00480,C774,9698,3,23,23,23
0.00480,C257,8140,3,27,27,16
0.00479,C155,8480,3,37,37,33
0.00478,C259,8480,3,27,27,16
0.00477,C168,8144,3,28,28,28
0.00475,C770,9684,3,23,,
0.00473,C199,8240,3,31,31,32
0.00473,C155,8071,3,37,37,33
0.00472,C494,8890,3,58,58,61
0.00472,C108,8070,3,45,45,40
0.00470,C629,9064,3,145,145,145
0.00469,C753,9064,3,25,25,25
0.00469,C259,8500,3,27,27,16
0.00468,C809,8001,3,12,,12
0.00468,C269,8000,3,68,,68
0.00467,C348,8042,3,3,3,3
0.00467,C183,8261,3,4,4,5
0.00466,C163,8145,3,28,28,28
0.00465,C711,9451,3,18,18,18
0.00463,C447,8742,2,19,19,19
0.00463,C168,9680,3,23,23,23
0.00462,C773,9591,3,23,23,20
0.00462,C443,8830,3,62,62,63
0.00462,C090,8071,3,45,45,40
0.00459,C179,8936,3,112,112,107
0.00458,C199,8261,2,7,7,5
0.00454,C151,8140,3,37,37,33
0.00451,C080,8200,3,105,105,55
0.00450,C182,8261,2,4,4,5
0.00449,C050,9140,3,98,98,98
0.00448,C500,8500,3,1,1,1
0.00448,C339,8070,3,131,,131
0.00445,C509,8140,3,1,1,1
0.00445,C444,8772,3,19,19,19
0.00443,C694,8720,3,113,113,50
0.00442,C269,8010,3,68,,68
0.00441,C402,9260,3,80,80,81
0.00440,C446,8745,3,19,19,19
0.00438,C675,8120,2,24,24,24
0.00435,C445,9709,3,23,23,114
0.00435,C171,8240,3,47,47,48
0.00433,C778,9671,3,23,23,60
0.00433,C321,8072,3,29,29,29
0.00433,C163,8010,3,28,28,28
0.00427,C166,8490,3,28,28,28
0.00426,C492,8850,3,58,58,59
0.00426,C421,9761,3,13,13,60
0.00426,C259,8246,3,27,27,16
0.00425,C716,9400,3,18,18,18
0.00424,C169,8240,3,94,94,94
0.00424,C152,8140,3,37,37,33
0.00423,C739,8335,3,10,10,10
0.00421,C421,9986,3,13,13,20
0.00420,C413,9220,3,80,80,81
0.00419,C621,9680,3,23,23,23
0.00418,C421,9910,3,13,13,20
0.00418,C342,8071,3,3,3,3
0.00417,C778,9823,3,23,23,14
0.00416,C443,8772,3,19,19,19
0.00416,C111,8070,3,134,134,40
0.00415,C445,8745,3,19,19,19
0.00414,C700,9537,0,18,18,18
0.00414,C180,8000,3,4,4,5
0.00412,C778,9659,3,23,23,23
0.00412,C649,8050,3,11,11,11
0.00412,C258,8500,3,27,27,16
0.00410,C680,8070,3,125,125,125
0.00410,C154,8010,3,37,37,33
0.00409,C774,9670,3,23,,
0.00409,C251,8000,3,30,30,16
0.00404,C770,9687,3,23,23,23
0.00404,C421,9832,3,13,13,20
0.00404,C164,8490,3,28,28,28
0.00402,C629,9060,3,145,145,61
0.00402,C210,8071,3,42,42,42
0.00400,C773,9695,3,23,23,23
0.00400,C163,9699,3,23,23,23
0.00398,C778,9651,3,23,23,23
0.00398,C609,8071,3,146,146,146
0.00395,C441,8410,3,110,110,110
0.00395,C300,9522,3,92,92,127
0.00394,C495,8830,3,58,58,61
0.00394,C211,8070,2,42,42,42
0.00393,C619,8201,3,144,144,144
0.00392,C328,8071,3,83,83,83
0.00392,C103,8070,3,45,45,40
0.00392,C022,8071,3,51,51,51
0.00390,C740,8370,3,101,101,101
0.00390,C492,8802,3,58,58,59
0.00389,C495,8890,3,58,58,61
0.00389,C445,8740,2,19,19,19
0.00387,C720,9394,1,34,34,34
0.00387,C421,9671,3,23,23,60
0.00385,C770,9699,3,23,23,23
0.00384,C632,8070,3,147,147,148
0.00382,C421,9831,3,13,13,20
0.00382,C343,8044,3,3,3,3
0.00382,C179,8246,3,47,47,53
0.00382,C079,8071,3,54,54,55
0.00382,C031,8071,3,69,69,70
0.00381,C778,9667,3,23,,
0.00381,C168,8142,3,28,28,28
0.00379,C049,8070,2,52,52,52
0.00378,C349,8072,3,3,3,3
0.00377,C490,9120,3,58,58,96
0.00377,C480,8851,3,82,82,82
0.00376,C051,8071,3,74,74,40
0.00374,C809,8072,3,12,,12
0.00374,C775,9680,3,23,23,23
0.00374,C163,8480,3,28,28,28
0.00373,C414,9260,3,80,80,122
0.00372,C619,8481,3,144,144,144
0.00372,C601,8071,3,146,146,146
0.00372,C449,8720,2,19,19,19
0.00370,C770,9659,3,23,23,23
0.00370,C253,8140,3,27,27,16
0.00369,C719,9421,3,18,18,18
0.00369,C449,8247,3,90,90,90
0.00369,C169,8480,3,28,28,28
0.00367,C771,9591,3,23,23,20
0.00367,C771,9590,3,23,23,23
0.00367,C739,9680,3,23,23,23
0.00367,C169,8481,3,28,28,28
0.00366,C678,8070,3,24,24,24
0.00366,C349,8044,3,3,3,3
0.00366,C343,8253,3,3,3,3
0.00365,C712,9382,3,18,18,18
0.00365,C444,8832,3,62,62,63
0.00365,C441,8720,2,19,19,19
0.00365,C169,9590,3,23,23,23
0.00365,C162,9680,3,23,23,23
0.00365,C161,8490,3,33,33,28
0.00364,C629,9065,3,145,145,145
0.00364,C060,8071,3,71,71,71
0.00363,C773,9652,3,23,23,23
0.00363,C155,8481,3,37,37,33
0.00362,C772,9687,3,23,23,23
0.00361,C343,8013,3,3,3,3
0.00361,C340,8246,3,3,3,3
0.00360,C080,8070,3,105,105,55
0.00359,C751,8271,0,25,25,25
0.00357,C772,9675,3,23,,
0.00357,C258,8000,3,27,27,16
0.00356,C162,8240,3,94,94,94
0.00355,C699,8720,3,117,,118
0.00355,C679,8041,3,24,24,24
0.00355,C140,8000,3,89,89,89
0.00354,C696,9699,3,115,115,115
0.00352,C717,9400,3,18,18,18
0.00351,C492,8811,3,58,58,59
0.00351,C211,8140,3,42,42,42
0.00350,C209,8260,3,7,7,5
0.00349,C480,8858,3,82,82,82
0.00349,C019,9680,3,23,23,23
0.00347,C772,9684,3,23,,
0.00346,C155,8560,3,37,37,38
0.00345,C772,9698,3,23,23,23
0.00344,C445,8410,3,62,62,132
0.00343,C183,8010,3,4,4,5
0.00343,C181,8240,3,103,103,104
0.00342,C710,9401,3,18,18,18
0.00342,C421,9896,3,13,13,20
0.00342,C240,8162,3,43,43,43
0.00341,C760,8000,3,12,,12
0.00341,C490,8890,3,58,58,127
0.00341,C240,8000,3,43,43,43
0.00341,C102,8070,3,45,45,40
0.00340,C710,9380,3,18,18,18
0.00338,C672,8050,3,24,24,24
0.00338,C480,8850,3,82,82,82
0.00337,C718,9450,3,18,18,18
0.00336,C659,8120,2,44,44,44
0.00336,C492,9040,3,58,58,59
0.00336,C189,8263,3,4,4,5
0.00336,C039,8070,3,119,119,70
0.00335,C348,8250,3,3,3,3
0.00333,C713,9450,3,18,18,18
0.00333,C621,9101,3,145,145,145
0.00333,C400,9220,3,80,80,81
0.00333,C349,9050,3,3,3,57
0.00332,C182,8140,2,4,4,5
0.00331,C713,9380,3,18,18,18
0.00331,C341,8033,3,3,3,3
0.00330,C446,9700,3,65,65,65
0.00330,C187,8260,3,4,4,5
0.00329,C180,8140,2,4,4,5
0.00328,C413,9731,3,8,8,60
0.00327,C421,9680,3,23,23,23
0.00327,C199,8000,3,7,7,5
0.00327,C139,8071,3,73,73,73
0.00325,C494,8800,3,58,58,61
0.00325,C138,8070,3,73,73,73
0.00324,C778,9665,3,23,,
0.00324,C442,8830,3,62,62,63
0.00323,C701,9530,0,34,34,34
0.00323,C421,9826,3,13,13,23
0.00323,C421,9590,3,23,23,23
0.00322,C717,9391,3,18,18,18
0.00322,C495,8800,3,58,58,61
0.00322,C189,8210,2,4,4,5
0.00321,C496,8830,3,58,58,59
0.00321,C349,9140,3,98,98,98
0.00321,C080,8430,3,105,105,55
0.00320,C189,8481,3,4,4,5
0.00320,C153,8140,3,37,37,33
0.00320,C119,9680,3,23,23,23
0.00319,C441,8720,3,19,19,19
0.00319,C185,8261,3,4,4,5
0.00319,C182,8000,3,4,4,5
0.00317,C778,9653,3,23,23,23
0.00317,C774,9663,3,23,23,23
0.00317,C632,8542,3,147,147,148
0.00317,C161,8936,3,106,106,107
0.00315,C445,8740,3,19,19,19
0.00315,C249,8160,3,91,,91
0.00314,C421,9920,3,13,13,20
0.00313,C480,8830,3,82,82,82
0.00313,C241,8010,3,46,46,46
0.00312,C629,9100,3,145,145,145
0.00311,C320,8010,3,41,41,41
0.00310,C771,9650,3,23,23,23
0.00310,C400,9180,3,80,80,81
0.00310,C171,8936,3,112,112,107
0.00309,C343,8001,3,3,3,3
0.00308,C720,9400,3,34,34,34
0.00308,C443,8390,3,62,62,67
0.00308,C421,9987,3,13,,
0.00308,C349,9680,3,23,23,23
0.00306,C492,9140,3,98,98,98
0.00306,C079,9680,3,23,23,23
0.00305,C739,8331,3,10,10,10
0.00305,C619,8010,2,144,144,144
0.00304,C762,8000,3,12,,12
0.00303,C649,9680,3,23,23,23
0.00303,C445,8761,3,19,19,19
0.00303,C414,9731,3,8,8,60
0.00302,C672,8070,3,24,24,24
0.00302,C166,8144,3,28,28,28
0.00302,C140,8071,3,89,89,89
0.00301,C188,8480,3,4,4,5
0.00300,C772,9699,3,23,23,23
0.00300,C739,8344,3,10,10,10
0.00300,C343,8550,3,3,3,3
0.00300,C059,8070,3,111,111,111
0.00300,C048,8070,3,52,52,52
0.00299,C773,9691,3,23,23,23
0.00299,C211,8071,3,42,42,42
0.00298,C690,9699,3,115,115,115
0.00298,C412,9680,3,23,23,23
0.00297,C446,8744,3,19,19,19
0.00295,C750,8010,3,84,,129
0.00295,C719,8000,1,18,18,18
0.00295,C342,8560,3,3,3,3
0.00295,C168,8145,3,28,28,28
0.00295,C162,9699,3,23,23,23
0.00293,C690,8720,3,124,124,124
0.00293,C690,8010,2,128,128,128
0.00293,C619,8310,3,144,144,144
0.00292,C445,8730,3,19,19,19
0.00292,C252,8481,3,30,30,16
0.00292,C250,8150,3,15,15,130
0.00292,C210,8140,3,42,42,42
0.00292,C171,9680,3,23,23,23
0.00292,C166,8936,3,106,106,107
0.00291,C774,9590,3,23,23,23
0.00291,C739,8000,3,10,10,10
0.00291,C449,8743,3,19,19,19
0.00290,C619,8020,3,144,144,144
0.00289,C491,8800,3,58,58,59
0.00289,C161,9680,3,23,23,23
0.00288,C421,9733,3,13,,
0.00288,C300,8071,3,92,92,93
0.00288,C181,8245,3,72,72,72
0.00287,C421,9871,3,13,13,20
0.00287,C101,8070,3,138,138,29
0.00286,C445,8542,3,62,62,132
0.00286,C184,8490,3,4,4,5
0.00286,C155,8140,2,37,37,33
0.00286,C112,8070,3,86,86,86
0.00285,C809,8310,3,12,,12
0.00284,C600,8070,2,146,146,146
0.00284,C495,8851,3,58,58,61
0.00284,C420,9823,3,13,13,14
0.00284,C348,8071,3,3,3,3
0.00284,C251,8246,3,30,30,16
0.00284,C109,8071,3,45,45,40
0.00282,C421,9931,3,13,13,20
0.00281,C160,8145,3,33,33,33
0.00280,C723,9380,3,34,34,34
0.00280,C493,8800,3,58,58,61
0.00280,C252,8480,3,30,30,16
0.00279,C402,9680,3,23,23,23
0.00279,C379,8586,3,84,,85
0.00279,C310,9680,3,23,23,23
0.00278,C480,9500,3,82,82,82
0.00278,C140,8010,3,89,89,89
0.00277,C480,8800,3,82,82,82
0.00277,C185,8010,3,4,4,5
0.00276,C414,9370,3,80,80,122
0.00276,C241,8260,3,46,46,46
0.00276,C183,8210,2,4,4,5
0.00276,C170,9680,3,23,23,23
0.00276,C169,8145,3,28,28,28
0.00276,C050,8430,3,108,108,108
0.00275,C493,8890,3,58,58,61
0.00275,C341,8490,3,3,3,3
0.00275,C186,8261,2,4,4,5
0.00274,C718,9680,3,23,23,18
0.00274,C717,9421,3,18,18,18
0.00274,C180,8246,3,88,88,5
0.00274,C160,8560,3,33,33,28
0.00274,C024,8070,3,39,39,40
0.00273,C421,9670,3,23,,
0.00271,C492,8801,3,58,58,59
0.00270,C693,8774,3,49,49,50
0.00270,C447,9709,3,23,23,114
0.00270,C210,8010,2,42,42,42
0.00269,C349,8240,3,3,3,3
0.00268,C341,8070,2,3,3,3
0.00267,C421,9699,3,23,23,23
0.00267,C199,8490,3,7,7,5
0.00267,C183,8263,2,4,4,5
0.00267,C090,8072,3,45,45,40
0.00266,C752,9350,1,25,25,25
0.00266,C170,8246,3,47,47,53
0.00265,C693,8772,3,49,49,50
0.00265,C341,8252,3,3,3,3
0.00265,C163,8481,3,28,28,28
0.00264,C619,8255,3,144,144,144
0.00264,C343,8045,3,3,3,3
0.00263,C629,8010,3,145,145,145
0.00263,C621,9080,3,145,145,145
0.00263,C343,8021,3,3,3,3
0.00263,C340,8072,3,3,3,3
0.00262,C779,9714,3,23,23,23
0.00262,C601,8070,2,146,146,146
0.00260,C220,8190,3,21,21,21
0.00260,C220,8174,3,21,21,21
0.00259,C130,8070,3,73,73,73
0.00258,C629,9063,3,145,145,61
0.00257,C771,9670,3,23,,
0.00257,C349,8013,3,3,3,3
0.00257,C169,8890,3,28,28,61
0.00256,C715,9391,3,18,18,18
0.00256,C310,8071,3,99,99,100
0.00255,C300,8720,3,120,120,121
0.00255,C239,8260,3,26,26,26
0.00254,C689,8130,3,126,,126
0.00254,C621,9071,3,145,145,145
0.00253,C809,8560,3,12,,12
0.00252,C711,9420,3,18,18,18
0.00252,C711,9411,3,18,18,18
0.00252,C672,8050,2,24,24,24
0.00252,C181,8490,3,72,72,72
0.00252,C169,9591,3,23,23,20
0.00251,C019,8010,3,39,39,40
0.00250,C509,8500,2,1,1,1
0.00248,C629,8000,3,145,145,145
0.00247,C772,9673,3,23,23,23
0.00247,C492,8810,3,58,58,59
0.00247,C449,8730,3,19,19,19
0.00247,C165,9680,3,23,23,23
0.00247,C165,8936,3,106,106,107
0.00245,C619,8260,3,144,144,144
0.00244,C774,9652,3,23,23,23
0.00244,C712,9442,3,18,18,18
0.00244,C447,8742,3,19,19,19
0.00243,C729,9590,3,23,23,34
0.00243,C649,8319,3,11,11,11
0.00243,C269,8936,3,68,,107
0.00243,C212,8124,3,42,42,42
0.00243,C209,8262,3,7,7,5
0.00242,C774,9675,3,23,,
0.00241,C079,9699,3,23,23,23
0.00240,C718,9382,3,18,18,18
0.00240,C421,9827,3,13,13,23
0.00239,C129,8072,3,73,73,73
0.00238,C649,8211,3,11,11,11
0.00238,C410,9370,3,80,80,81
0.00237,C494,8830,3,58,58,61
0.00237,C343,8310,3,3,3,3
0.00237,C079,8941,3,54,54,55
0.00236,C719,9401,3,18,18,18
0.00236,C153,8071,3,37,37,33
0.00234,C492,8854,3,58,58,59
0.00234,C340,8560,3,3,3,3
0.00234,C323,8070,3,83,83,83
0.00234,C320,8074,3,41,41,41
0.00234,C320,8072,3,41,41,41
0.00234,C189,8263,2,4,4,5
0.00234,C182,8010,2,4,4,5
0.00234,C181,8481,3,72,72,72
0.00234,C099,8010,3,45,45,40
0.00233,C773,9690,3,23,23,23
0.00233,C773,9590,3,23,23,23
0.00233,C446,8723,3,19,19,19
0.00233,C340,8020,3,3,3,3
0.00233,C252,8150,3,30,30,130
0.00233,C170,8936,3,112,112,107
0.00233,C162,8145,3,33,33,28
0.00232,C179,8890,3,53,53,61
0.00230,C444,8410,3,62,62,67
0.00229,C446,8730,3,19,19,19
0.00229,C384,8000,3,56,56,141
0.00229,C342,8246,3,3,3,3
0.00228,C509,8010,3,1,1,1
0.00226,C729,9680,3,23,23,34
0.00226,C446,9709,3,23,23,114
0.00226,C444,9680,3,23,23,114
0.00226,C340,8240,3,3,3,3
0.00225,C772,9650,3,23,23,23
0.00225,C710,9680,3,23,23,18
0.00225,C165,8010,3,28,28,28
0.00224,C609,8010,2,146,146,146
0.00224,C240,8260,3,43,43,43
0.00224,C180,8010,2,4,4,5
0.00224,C161,8144,3,33,33,28
0.00223,C770,9702,3,23,23,23
0.00223,C770,9665,3,23,,
0.00223,C443,9709,3,23,23,114
0.00223,C239,8000,3,26,26,26
0.00223,C184,8261,2,4,4,5
0.00222,C778,9729,3,23,,
0.00222,C778,9664,3,23,,
0.00222,C343,9680,3,23,23,23
0.00221,C442,8247,3,90,90,90
0.00221,C341,8032,3,3,3,3
0.00221,C068,8070,3,111,111,111
0.00220,C168,8010,3,28,28,28
0.00219,C774,9673,3,23,23,23
0.00219,C716,9440,3,18,18,18
0.00219,C343,8031,3,3,3,3
0.00219,C321,8070,2,29,29,29
0.00219,C321,8010,3,29,29,29
0.00219,C250,8490,3,15,15,16
0.00219,C186,8140,2,4,4,5
0.00219,C029,8070,2,51,51,51
0.00218,C773,9684,3,23,,
0.00218,C712,9505,1,18,18,18
0.00218,C414,9180,3,80,80,122
0.00218,C199,8140,2,7,7,5
0.00218,C166,9680,3,23,23,23
0.00216,C713,9680,3,23,23,18
0.00216,C482,9052,3,76,139,82
0.00216,C480,9680,3,23,23,23
0.00216,C449,8742,2,19,19,19
0.00216,C181,8470,3,72,72,72
0.00215,C491,8811,3,58,58,59
0.00215,C490,8800,3,58,58,127
0.00214,C621,9064,3,145,145,145
0.00214,C119,8071,3,86,86,86
0.00213,C714,9400,3,18,18,18
0.00213,C621,9062,3,145,145,61
0.00213,C619,8246,3,144,144,144
0.00213,C442,8743,2,19,19,19
0.00213,C412,9370,3,80,80,137
0.00213,C091,8071,3,45,45,40
0.00213,C080,8140,3,105,105,55
0.00212,C672,8010,3,24,24,24
0.00212,C402,9181,3,80,80,81
0.00212,C220,9120,3,21,21,61
0.00212,C161,9699,3,23,23,23
0.00211,C773,9698,3,23,23,23
0.00211,C342,8481,3,3,3,3
0.00210,C710,9421,3,18,18,18
0.00210,C678,8010,3,24,24,24
0.00210,C320,8052,3,41,41,41
0.00210,C250,8560,3,15,15,16
0.00210,C165,8145,3,28,28,28
0.00209,C711,9590,3,23,23,18
0.00209,C691,8070,2,118,,118
0.00209,C672,8010,2,24,24,24
0.00209,C443,8832,3,62,62,63
0.00208,C712,9420,3,18,18,18
0.00208,C710,9590,3,23,23,18
0.00208,C022,8070,2,51,51,51
0.00207,C711,8000,3,18,18,18
0.00207,C678,8050,3,24,24,24
0.00207,C673,8120,2,24,24,24
0.00207,C421,9964,3,13,13,20
0.00206,C251,8480,3,30,30,16
0.00206,C239,8160,3,26,26,26
0.00205,C718,9590,3,23,23,18
0.00205,C164,8144,3,28,28,28
0.00204,C679,8071,3,24,24,24
0.00204,C341,8022,3,3,3,3
0.00204,C259,8150,3,27,27,130
0.00203,C717,9440,3,18,18,18
0.00203,C609,8051,3,146,146,146
0.00203,C496,8890,3,58,58,59
0.00203,C444,9140,3,98,98,98
0.00203,C341,8253,3,3,3,3
0.00203,C220,8171,3,21,21,21
0.00202,C499,8800,3,58,58,59
0.00202,C421,9673,3,23,23,23
0.00202,C341,9680,3,23,23,23
0.00201,C771,9727,3,23,23,20
0.00201,C619,8130,3,144,144,144
0.00201,C300,9680,3,23,23,23
0.00201,C239,8480,3,26,26,26
0.00201,C218,8124,3,42,42,42
0.00200,C700,9532,0,18,18,18
0.00199,C079,8940,3,54,54,127
0.00198,C671,8140,3,24,24,24
0.00198,C448,9700,3,65,65,65
0.00198,C187,8262,3,4,4,5
0.00198,C185,8210,2,4,4,5
0.00197,C779,9727,3,23,23,20
0.00197,C713,9382,3,18,18,18
0.00197,C502,8500,3,1,1,1
0.00197,C492,9041,3,58,58,59
0.00197,C348,8000,3,3,3,3
0.00197,C341,8980,3,3,3,3
0.00197,C029,8000,3,51,51,51
0.00196,C421,9741,3,13,13,20
0.00196,C379,8585,3,84,,85
0.00196,C183,8490,3,4,4,5
0.00195,C602,8070,3,146,146,146
0.00195,C320,8076,3,41,41,41
0.00195,C251,8481,3,30,30,16
0.00195,C170,8010,3,53,53,53
0.00194,C609,9140,3,98,98,98
0.00194,C349,8031,3,3,3,3
0.00193,C447,9680,3,23,23,114
0.00193,C445,8771,3,19,19,19
0.00193,C028,8071,3,51,51,51
0.00192,C155,8000,3,37,37,33
0.00192,C118,8070,3,86,86,86
0.00192,C079,8000,3,54,54,55
0.00191,C773,9650,3,23,23,23
0.00191,C719,9391,3,18,18,18
0.00191,C349,8045,3,3,3,3
0.00191,C162,8010,3,33,33,28
0.00190,C773,9659,3,23,23,23
0.00190,C269,8480,3,68,,68
0.00190,C241,8261,3,46,46,46
0.00190,C199,8260,3,7,7,5
0.00190,C004,8071,3,66,66,123
0.00189,C718,8000,3,18,18,18
0.00189,C249,8000,3,91,,91
0.00188,C749,8010,3,101,101,101
0.00188,C310,8200,3,99,99,100
0.00188,C160,8936,3,106,106,107
0.00187,C809,8032,3,12,,12
0.00187,C180,8260,3,4,4,5
0.00187,C059,9140,3,98,98,98
0.00186,C712,8000,3,18,18,18
0.00185,C342,8480,3,3,3,3
0.00185,C300,9719,3,23,23,23
0.00185,C249,8010,3,91,,91
0.00185,C239,8560,3,26,26,26
0.00185,C159,8071,3,37,37,33
0.00185,C079,8500,3,54,54,55
0.00185,C029,8010,3,51,51,51
0.00184,C492,9680,3,23,23,23
0.00184,C491,8832,3,58,58,59
0.00184,C400,9260,3,80,80,81
0.00184,C342,8260,3,3,3,3
0.00183,C713,8000,3,18,18,18
0.00183,C442,8772,3,19,19,19
0.00183,C311,8070,3,149,149,93
0.00183,C168,9699,3,23,23,23
0.00182,C773,9687,3,23,23,23
0.00182,C674,8010,2,24,24,24
0.00182,C632,8090,3,147,147,148
0.00182,C493,9680,3,23,23,23
0.00182,C446,8890,3,62,62,63
0.00182,C189,8261,3,4,4,5
0.00181,C749,8700,3,101,101,136
0.00181,C160,8140,2,33,33,33
0.00180,C672,8041,3,24,24,24
0.00180,C162,8936,3,106,106,107
0.00179,C712,9451,3,18,18,18
0.00179,C621,9065,3,145,145,145
0.00179,C161,8010,3,33,33,28
0.00179,C160,9680,3,23,23,23
0.00178,C421,9834,3,13,13,20
0.00177,C809,8800,3,12,,63
0.00177,C770,9714,3,23,23,23
0.00177,C343,8033,3,3,3,3
0.00177,C342,8020,3,3,3,3
0.00177,C186,8010,2,4,4,5
0.00177,C184,8000,3,4,4,5
0.00177,C163,8142,3,28,28,28
0.00177,C050,8200,3,108,108,108
0.00176,C619,8021,3,144,144,144
0.00176,C505,8500,3,1,1,1
0.00176,C445,9680,3,23,23,114
0.00176,C413,9260,3,80,80,81
0.00176,C258,8480,3,27,27,16
0.00176,C040,8070,2,52,52,52
0.00175,C716,9471,3,18,18,18
0.00175,C492,8832,3,58,58,59
0.00175,C447,8772,3,19,19,19
0.00175,C443,9680,3,23,23,114
0.00175,C098,8070,3,45,45,40
0.00174,C770,9664,3,23,,
0.00174,C069,9140,3,98,98,98
0.00173,C381,9061,3,142,142,141
0.00173,C349,8490,3,3,3,3
0.00171,C772,9663,3,23,23,23
0.00171,C444,9709,3,23,23,114
0.00171,C348,8560,3,3,3,3
0.00170,C739,8343,3,10,10,10
0.00170,C414,9680,3,23,23,23
0.00170,C341,8074,3,3,3,3
0.00170,C153,8010,3,37,37,33
0.00169,C809,8120,3,12,,12
0.00169,C772,9652,3,23,23,23
0.00169,C480,8852,3,82,82,82
0.00169,C444,9120,3,62,62,63
0.00169,C269,8481,3,68,,68
0.00169,C209,8070,2,7,7,5
0.00168,C672,8140,3,24,24,24
0.00168,C341,8251,3,3,3,3
0.00168,C184,8140,2,4,4,5
0.00168,C163,8936,3,106,106,107
0.00167,C619,8490,3,144,144,144
0.00167,C494,8858,3,58,58,61
0.00167,C199,8010,2,7,7,5
0.00167,C160,8255,3,33,33,33
0.00166,C775,9670,3,23,,
0.00166,C715,9421,3,18,18,18
0.00166,C696,9680,3,115,115,115
0.00166,C495,8852,3,58,58,61
0.00166,C445,8723,2,19,19,19
0.00166,C342,8072,3,3,3,3
0.00166,C165,8480,3,28,28,28
0.00166,C030,8071,3,97,97,70
0.00165,C632,8070,2,147,147,148
0.00165,C258,8246,3,27,27,16
0.00165,C209,9680,3,23,23,23
0.00165,C155,8144,3,37,37,33
0.00165,C051,8070,2,74,74,40
0.00164,C753,9362,3,25,25,25
0.00164,C440,8742,2,19,19,19
0.00164,C171,8890,3,53,53,61
0.00163,C762,8140,3,12,,12
0.00163,C752,9351,1,25,25,25
0.00163,C182,8246,3,88,88,5
0.00160,C760,8010,3,12,,12
0.00160,C715,9383,1,18,18,18
0.00160,C693,8771,3,49,49,50
0.00160,C678,8140,3,24,24,24
0.00160,C674,8070,3,24,24,24
0.00160,C601,8051,3,146,146,146
0.00160,C492,9231,3,58,58,96
0.00160,C446,8830,3,62,62,63
0.00160,C445,9699,3,23,23,23
0.00160,C340,8044,3,3,3,3
0.00160,C189,8140,2,4,4,5
0.00160,C168,8480,3,28,28,28
0.00160,C161,8240,3,94,94,94
0.00160,C160,8260,3,33,33,33
0.00160,C002,8070,3,135,135,67
0.00159,C446,8740,2,19,19,19
0.00159,C041,8071,3,52,52,52
0.00158,C774,9684,3,23,,
0.00158,C491,8851,3,58,58,59
0.00158,C445,8890,3,62,62,63
0.00157,C771,9652,3,23,23,23
0.00157,C608,8070,3,146,146,146
0.00157,C444,9690,3,23,23,23
0.00156,C773,9673,3,23,23,23
0.00156,C447,8744,2,19,19,19
0.00156,C444,8390,3,62,62,67
0.00156,C269,8490,3,68,,68
0.00156,C241,8480,3,46,46,46
0.00156,C218,8070,2,42,42,42
0.00156,C185,8263,2,4,4,5
0.00156,C165,8481,3,28,28,28
0.00156,C155,8010,2,37,37,33
0.00155,C163,8240,3,94,94,94
0.00154,C495,8850,3,58,58,61
0.00154,C239,8481,3,26,26,26
0.00154,C112,8072,3,86,86,86
0.00153,C774,9650,3,23,23,23
0.00153,C715,9400,3,18,18,18
0.00153,C250,9680,3,23,23,23
0.00153,C168,8481,3,28,28,28
0.00152,C716,9473,3,18,18,18
0.00152,C679,8490,3,24,24,24
0.00152,C678,8041,3,24,24,24
0.00152,C669,8010,3,44,44,44
0.00152,C499,9140,3,98,98,98
0.00152,C492,9043,3,58,58,59
0.00152,C422,9591,3,23,23,20
0.00152,C379,8582,3,84,,85
0.00152,C241,8263,3,46,46,46
0.00152,C221,8000,3,35,35,35
0.00152,C168,8936,3,106,106,107
0.00152,C079,9695,3,23,23,23
0.00151,C494,8850,3,58,58,61
0.00151,C421,9805,3,13,,
0.00151,C343,8070,2,3,3,3
0.00151,C186,8490,3,4,4,5
0.00150,C773,9675,3,23,,
0.00150,C671,8070,3,24,24,24
0.00150,C491,8850,3,58,58,59
0.00150,C481,9050,3,76,139,82
0.00150,C446,9699,3,23,23,23
0.00150,C220,8246,3,21,21,21
0.00149,C490,9680,3,23,23,23
0.00149,C490,8910,3,58,58,96
0.00149,C440,8720,3,19,19,19
0.00149,C189,8240,3,88,88,32
0.00149,C020,8071,3,51,51,51
0.00148,C491,8802,3,58,58,59
0.00148,C258,8481,3,27,27,16
0.00148,C182,8240,3,88,88,32
0.00147,C809,8033,3,12,,12
0.00147,C494,8851,3,58,58,61
0.00147,C412,9260,3,80,80,137
0.00147,C239,8140,2,26,26,26
0.00147,C060,8051,3,71,71,71
0.00146,C715,9440,3,18,18,18
0.00146,C491,8804,3,58,58,96
0.00146,C447,8890,3,62,62,63
0.00146,C069,8000,3,111,111,111
0.00145,C712,9421,3,18,18,18
0.00145,C449,9701,3,65,65,65
0.00145,C422,9590,3,23,23,23
0.00144,C720,9421,3,34,34,34
0.00144,C712,9680,3,23,23,18
0.00144,C343,9699,3,23,23,23
0.00144,C343,8490,3,3,3,3
0.00144,C184,8010,2,4,4,5
0.00144,C182,9680,3,23,23,23
0.00144,C170,8480,3,53,53,53
0.00144,C170,8263,3,53,53,53
0.00143,C710,8000,3,18,18,18
0.00143,C492,9120,3,58,58,59
0.00143,C491,9040,3,58,58,59
0.00143,C491,8852,3,58,58,59
0.00143,C250,8041,3,15,15,16
0.00142,C774,9659,3,23,23,23
0.00142,C659,8070,3,44,44,44
0.00142,C343,8252,3,3,3,3
0.00141,C712,9411,3,18,18,18
0.00141,C679,8122,3,24,24,24
0.00141,C449,9702,3,23,23,23
0.00141,C445,8390,3,62,62,132
0.00141,C343,8032,3,3,3,3
0.00141,C340,8481,3,3,3,3
0.00141,C161,8890,3,33,33,61
0.00141,C019,8052,3,39,39,40
0.00140,C719,9450,3,18,18,18
0.00140,C410,9220,3,80,80,81
0.00140,C189,8010,2,4,4,5
0.00140,C155,8041,3,37,37,33
0.00140,C019,8070,2,39,39,40
0.00139,C775,9591,3,23,23,20
0.00139,C674,8050,2,24,24,24
0.00139,C649,8070,3,11,11,11
0.00139,C421,9897,3,13,13,20
0.00139,C349,8310,3,3,3,3
0.00139,C180,8255,3,4,4,5
0.00139,C173,8240,3,47,47,48
0.00139,C172,8936,3,112,112,107
0.00138,C718,9420,3,18,18,18
0.00138,C649,8323,3,11,11,11
0.00138,C322,8071,3,133,133,133
0.00138,C321,8083,3,29,29,29
0.00138,C186,8000,3,4,4,5
0.00138,C062,8430,3,69,69,70
0.00137,C773,9651,3,23,23,23
0.00137,C770,9727,3,23,23,20
0.00137,C449,8772,3,19,19,19
0.00137,C209,8041,3,7,7,5
0.00137,C187,9680,3,23,23,23
0.00137,C119,8000,3,86,86,86
0.00136,C760,8071,3,12,,12
0.00136,C716,9680,3,23,23,18
0.00136,C713,9451,3,18,18,18
0.00136,C509,8000,3,1,1,1
0.00136,C491,8810,3,58,58,59
0.00136,C421,9833,3,13,13,20
0.00136,C160,8000,3,33,33,33
0.00136,C006,8070,3,66,66,67
0.00135,C700,9534,0,18,18,18
0.00135,C495,8910,3,58,58,61
0.00135,C341,9699,3,23,23,23
0.00135,C021,8070,2,51,51,51
0.00134,C809,9680,3,23,23,23
0.00134,C602,8070,2,146,146,146
0.00134,C446,8410,3,62,62,132
0.00134,C421,9984,3,13,,
0.00134,C341,8430,3,3,3,3
0.00134,C268,8140,3,68,,68
0.00134,C058,8070,3,111,111,111
0.00133,C717,9470,3,18,18,18
0.00133,C493,8801,3,58,58,61
0.00133,C491,8801,3,58,58,59
0.00133,C446,8390,3,62,62,132
0.00133,C442,9140,3,98,98,98
0.00133,C400,9680,3,23,23,23
0.00133,C211,8010,2,42,42,42
0.00133,C181,8244,3,72,72,72
0.00133,C170,8261,3,53,53,53
0.00133,C163,8255,3,28,28,28
0.00132,C779,9823,3,23,23,14
0.00132,C779,9653,3,23,23,23
0.00132,C400,9731,3,8,8,60
0.00132,C383,9064,3,142,142,141
0.00132,C209,8124,3,7,7,5
0.00130,C774,9651,3,23,23,23
0.00130,C718,9451,3,18,18,18
0.00130,C480,8000,3,82,82,82
0.00130,C379,8583,3,84,,85
0.00129,C771,9684,3,23,,
0.00129,C649,8290,3,11,11,11
0.00129,C600,8081,2,146,146,146
0.00129,C152,8070,3,37,37,38
0.00129,C050,8071,3,108,108,108
0.00128,C449,9718,3,23,23,114
0.00128,C410,9731,3,8,8,60
0.00128,C260,8000,3,68,,68
0.00128,C180,8262,3,4,4,5
0.00127,C774,9714,3,23,23,23
0.00127,C717,9401,3,18,18,18
0.00127,C674,8010,3,24,24,24
0.00127,C496,8800,3,58,58,59
0.00127,C492,8858,3,58,58,59
0.00127,C447,9718,3,23,23,114
0.00127,C444,8730,3,19,19,19
0.00127,C412,9220,3,80,80,137
0.00127,C349,9699,3,23,23,23
0.00127,C250,8550,3,15,15,16
0.00127,C250,8240,3,15,15,130
0.00127,C221,8010,3,35,35,35
0.00127,C210,8124,3,42,42,42
0.00127,C209,8936,3,150,150,107
0.00127,C183,8261,2,4,4,5
0.00127,C180,9687,3,23,23,23
0.00127,C160,8246,3,94,94,33
0.00127,C154,8072,3,37,37,33
0.00126,C719,8000,0,18,18,18
0.00126,C716,9391,3,18,18,18
0.00126,C694,8770,3,113,113,50
0.00126,C670,8010,3,24,24,24
0.00126,C269,8246,3,68,,68
0.00126,C250,8260,3,15,15,16
0.00126,C209,9140,3,98,98,98
0.00126,C172,8890,3,53,53,61
0.00126,C129,8010,3,73,73,73
0.00126,C099,9673,3,23,23,23
0.00125,C711,9442,3,18,18,18
0.00125,C680,8140,3,125,125,125
0.00125,C410,9180,3,80,80,81
0.00125,C383,9061,3,142,142,141
0.00125,C383,8000,3,142,142,141
0.00125,C163,8140,2,28,28,28
0.00125,C060,8430,3,71,71,71
0.00124,C674,8050,3,24,24,24
0.00124,C421,9731,3,8,8,60
0.00124,C349,9590,3,23,23,23
0.00124,C189,8490,3,4,4,5
0.00124,C188,8481,3,4,4,5
0.00124,C160,8142,3,33,33,33
0.00123,C751,8270,0,25,25,25
0.00123,C719,9591,3,23,23,20
0.00123,C496,8832,3,58,58,59
0.00123,C495,8858,3,58,58,61
0.00123,C402,9731,3,8,8,60
0.00123,C300,8140,3,92,92,93
0.00123,C240,8480,3,43,43,43
0.00123,C158,8010,3,37,37,33
0.00122,C751,8000,0,25,25,25
0.00122,C689,8000,3,126,,126
0.00122,C443,9120,3,62,62,63
0.00122,C440,8247,3,90,90,90
0.00122,C320,8071,2,41,41,41
0.00122,C240,8500,3,43,43,43
0.00122,C165,9699,3,23,23,23
0.00122,C111,8072,3,134,134,40
0.00121,C718,9411,3,18,18,18
0.00121,C715,9390,0,18,18,18
0.00121,C674,8140,3,24,24,24
0.00121,C381,9064,3,142,142,141
0.00121,C155,8255,3,37,37,33
0.00120,C676,8050,3,24,24,24
0.00120,C619,8380,3,144,144,144
0.00120,C499,8890,3,58,58,59
0.00120,C441,8742,3,19,19,19
0.00120,C379,8584,3,84,,85
0.00119,C713,9411,3,18,18,18
0.00119,C691,8070,3,118,,118
0.00119,C669,8010,2,44,44,44
0.00119,C619,8070,3,144,144,144
0.00119,C491,8854,3,58,58,59
0.00119,C441,9140,3,98,98,98
0.00119,C441,8743,3,19,19,19
0.00119,C329,8070,2,83,83,83
0.00119,C301,8070,3,143,143,143
0.00119,C220,8240,3,21,21,21
0.00119,C211,8124,3,42,42,42
0.00119,C211,8123,3,42,42,42
0.00119,C169,9140,3,98,98,98
0.00119,C160,8211,3,33,33,33
0.00119,C155,8260,3,37,37,33
0.00119,C099,9591,3,23,23,20
0.00119,C089,8140,3,140,140,55
0.00119,C079,8041,3,54,54,55
0.00118,C620,9085,3,145,145,145
0.00118,C445,8770,3,19,19,19
0.00117,C809,9064,3,12,,63
0.00117,C631,8851,3,148,,61
0.00117,C440,8720,2,19,19,19
0.00117,C132,8071,3,73,73,73
0.00117,C111,8010,3,134,134,40
0.00116,C739,8140,3,10,10,10
0.00116,C696,8070,3,151,151,118
0.00116,C680,8010,2,125,125,125
0.00116,C679,8246,3,24,24,24
0.00116,C493,8851,3,58,58,61
0.00116,C490,8810,3,58,58,127
0.00116,C402,8830,3,80,80,81
0.00116,C211,8083,3,42,42,42
0.00116,C169,9670,3,23,,
0.00116,C166,8010,3,28,28,28
0.00116,C155,8072,3,37,37,33
0.00116,C079,8020,3,54,54,55
0.00115,C749,8000,3,101,101,101
0.00115,C670,8070,3,24,24,24
0.00115,C443,9690,3,23,23,23
0.00115,C443,8730,3,19,19,19
0.00115,C419,8000,3,80,80,81
0.00115,C209,8255,3,7,7,5
0.00115,C188,8263,3,4,4,5
0.00115,C163,8211,3,28,28,28
0.00114,C720,9680,3,23,23,34
0.00114,C492,8855,3,58,58,59
0.00114,C446,8740,3,19,19,19
0.00114,C162,8480,3,33,33,28
0.00114,C160,8210,3,33,33,33
0.00113,C494,8801,3,58,58,61
0.00113,C493,8810,3,58,58,61
0.00113,C341,8323,3,3,3,3
0.00113,C187,8211,3,4,4,5
0.00113,C069,8071,3,111,111,111
0.00113,C051,8430,3,74,74,40
0.00112,C499,8000,3,58,58,59
0.00112,C491,9680,3,23,23,23
0.00112,C383,9680,3,23,23,23
0.00112,C179,9591,3,23,23,20
0.00112,C170,8481,3,53,53,53
0.00112,C166,8890,3,28,28,61
0.00112,C091,8072,3,45,45,40
0.00112,C079,8562,3,54,54,55
0.00111,C774,9699,3,23,23,23
0.00111,C723,9421,3,34,34,34
0.00111,C670,8050,3,24,24,24
0.00111,C629,9591,3,23,23,20
0.00111,C629,8650,3,145,145,145
0.00111,C492,9540,3,58,58,59
0.00111,C447,8830,3,62,62,63
0.00111,C446,9680,3,23,23,114
0.00111,C181,8246,3,103,103,72
0.00111,C170,8490,3,53,53,53
0.00111,C112,8082,3,86,86,86
0.00111,C112,8010,3,86,86,86
0.00111,C079,9591,3,23,23,20
0.00111,C049,8010,2,52,52,52
0.00110,C809,8050,3,12,,12
0.00110,C719,9473,3,18,18,18
0.00110,C709,9530,3,34,34,34
0.00110,C692,9512,3,95,95,95
0.00110,C444,8890,3,62,62,63
0.00110,C421,9930,3,13,13,20
0.00110,C239,8010,2,26,26,26
0.00110,C079,8147,3,54,54,55
0.00109,C809,8890,3,12,,63
0.00109,C631,8890,3,148,,61
0.00109,C472,9540,3,58,58,59
0.00109,C446,9718,3,23,23,114
0.00109,C445,8830,3,62,62,63
0.00109,C382,9500,3,142,142,141
0.00109,C341,8800,3,3,3,61
0.00109,C341,8083,3,3,3,3
0.00109,C259,8041,3,27,27,16
0.00109,C252,8240,3,30,30,130
0.00109,C189,8220,3,4,4,5
0.00109,C182,8255,3,4,4,5
0.00109,C181,8261,3,72,72,72
0.00109,C166,9699,3,23,23,23
0.00109,C109,8010,3,45,45,40
0.00108,C739,8350,3,10,10,10
0.00108,C649,8130,2,11,11,11
0.00108,C490,8801,3,58,58,127
0.00108,C447,8730,3,19,19,19
0.00108,C250,8020,3,15,15,16
0.00108,C220,9590,3,23,23,23
0.00108,C188,8010,3,4,4,5
0.00108,C019,8200,3,39,39,40
0.00107,C771,9729,3,23,,
0.00107,C649,8270,3,11,11,11
0.00107,C449,9680,3,23,23,114
0.00107,C381,9085,3,142,142,141
0.00107,C349,8033,3,3,3,3
0.00107,C341,8073,3,3,3,3
0.00107,C187,8246,3,88,88,5
0.00107,C150,8071,3,37,37,33
0.00107,C079,9691,3,23,23,23
0.00106,C495,8801,3,58,58,61
0.00106,C240,8481,3,43,43,43
0.00106,C061,8070,3,71,71,71
0.00105,C718,9442,3,18,18,18
0.00105,C659,8010,3,44,44,44
0.00105,C448,8720,3,19,19,19
0.00105,C343,8980,3,3,3,3
0.00105,C210,8051,3,42,42,42
0.00105,C051,9140,3,98,98,98
0.00105,C019,8430,3,39,39,40
0.00104,C774,9702,3,23,23,23
0.00104,C711,9421,3,18,18,18
0.00104,C609,8080,2,146,146,146
0.00104,C170,8000,3,53,53,53
0.00104,C169,8020,3,28,28,28
0.00103,C771,9695,3,23,23,23
0.00103,C749,9680,3,23,23,23
0.00103,C711,9121,0,18,18,63
0.00103,C678,8071,3,24,24,24
0.00103,C677,8140,3,24,24,24
0.00103,C649,8964,3,11,11,61
0.00103,C632,8081,2,147,147,148
0.00103,C600,8071,3,146,146,146
0.00103,C492,9044,3,58,58,96
0.00103,C492,8853,3,58,58,59
0.00103,C381,9680,3,23,23,23
0.00103,C323,9220,3,83,83,127
0.00103,C310,8010,3,99,99,100
0.00103,C259,8020,3,27,27,16
0.00103,C250,8070,3,15,15,16
0.00103,C239,8070,3,26,26,26
0.00103,C180,9591,3,23,23,20
0.00103,C163,8210,3,28,28,28
0.00103,C154,8560,3,37,37,38
0.00102,C696,9591,3,115,115,115
0.00102,C694,8772,3,113,113,50
0.00102,C492,8920,3,58,58,59
0.00102,C449,8721,3,19,19,19
0.00102,C445,8741,2,19,19,19
0.00102,C445,8400,3,62,62,132
0.00102,C443,9700,3,65,65,65
0.00102,C443,8400,3,62,62,67
0.00102,C188,8210,3,4,4,5
0.00102,C181,8263,3,72,72,72
0.00101,C696,9670,3,115,,
0.00101,C490,8802,3,58,58,127
0.00101,C241,8490,3,46,46,46
0.00101,C220,9591,3,23,23,20
0.00101,C099,8070,2,45,45,40
0.00100,C770,9671,3,23,23,60
0.00100,C496,8851,3,58,58,59
0.00100,C321,8052,3,29,29,29
0.00100,C269,8240,3,68,,68
0.00100,C209,8720,3,7,7,5
0.00100,C189,9680,3,23,23,23
